x,y,epoch_01,epoch_02,epoch_03,epoch_04,epoch_05,epoch_06,epoch_07,epoch_08,epoch_09,epoch_10,epoch_11,epoch_12,epoch_13,epoch_14,epoch_15,epoch_16,epoch_17,epoch_18,epoch_19,epoch_20,epoch_21,epoch_22,epoch_23,epoch_24,epoch_25,epoch_26,epoch_27,epoch_28,epoch_29,epoch_30,epoch_31,epoch_32,epoch_33,epoch_34,epoch_35,epoch_36,epoch_37,epoch_38,epoch_39,epoch_40,epoch_41,epoch_42,epoch_43,epoch_44,epoch_45,epoch_46,epoch_47,epoch_48,epoch_49,epoch_50,epoch_51,epoch_52,epoch_53,epoch_54,epoch_55,epoch_56,epoch_57,epoch_58,epoch_59,epoch_60,epoch_61,epoch_62,epoch_63,epoch_64,epoch_65,epoch_66,epoch_67,epoch_68,epoch_69,epoch_70,epoch_71,epoch_72,epoch_73,epoch_74,epoch_75,epoch_76,epoch_77,epoch_78,epoch_79,epoch_80,epoch_81,epoch_82,epoch_83,epoch_84
111.35602985715221,35.53047921436024,-13.6902,-13.1134,-13.0916,-11.4523,-11.106,-9.5533,-10.0539,-8.7685,-7.6087,-8.1367,-7.1245,-6.4682,-6.1386,-5.0144,-4.3821,-3.0614,-3.9162,-2.5087,-1.597,-1.3769,-0.8841,0.5244,0.1394,1.0264,1.8484,2.0867,3.003,2.9356,4.508,4.9383,4.8898,6.2663,7.0729,7.2314,7.8924,8.9909,9.0241,10.6608,11.3718,11.1983,11.5402,13.1058,13.2228,13.883,14.5324,15.2991,15.5573,17.3883,16.6701,17.566,18.1417,19.5129,19.6823,20.2577,20.8694,21.768,21.9315,22.071,23.3935,23.8576,24.3423,25.2344,25.964,26.4475,27.3293,27.7553,28.7409,28.851,29.7418,30.269,31.2399,31.6422,32.1496,32.8965,33.457,35.0027,35.0004,35.3034,35.6849,36.3591,37.4731,38.2237,38.7768,38.7587
112.0168861527508,35.52542715769189,-12.7055,-13.8184,-14.3261,-14.9536,-16.2287,-16.5094,-17.8292,-18.7945,-18.6958,-20.3469,-21.3087,-21.6761,-22.7759,-23.3494,-23.6562,-24.8,-25.2927,-26.3517,-27.395,-27.946,-28.1887,-29.617,-30.4538,-31.5338,-31.5974,-32.6215,-33.8408,-33.7067,-35.5791,-35.4355,-36.4058,-37.1461,-38.5007,-38.3755,-39.6248,-40.1683,-41.7704,-42.3845,-41.8629,-43.303,-43.8573,-44.9447,-46.1181,-46.3277,-47.3651,-48.0591,-49.6429,-49.5942,-50.1473,-51.6253,-51.7637,-53.1616,-54.0658,-54.6753,-55.1463,-56.5009,-56.4615,-57.8453,-58.4534,-59.2819,-60.1351,-61.0677,-61.5834,-62.2988,-63.3083,-64.0223,-65.2992,-65.9937,-65.6785,-67.8093,-67.9352,-68.962,-69.4869,-70.773,-70.9232,-71.7223,-72.5859,-73.6391,-74.635,-75.6877,-76.0489,-76.6271,-77.6956,-78.3603
112.23019313228563,35.26318234691737,2.7105,2.8655,2.6635,1.5304,2.2356,2.1367,2.0488,1.9163,2.0909,1.6035,1.0827,1.2232,1.2595,0.2292,0.6912,0.8467,0.0457,0.4119,-0.7793,-0.7717,-0.944,-1.1258,-0.8351,-0.8118,-1.4706,-1.6159,-1.7214,-1.8677,-2.4817,-2.6889,-2.9314,-2.551,-2.6488,-3.3311,-3.216,-3.3618,-3.2707,-3.8436,-4.3352,-4.0103,-4.7572,-4.0909,-5.1061,-5.119,-4.7901,-5.4119,-5.8283,-5.5663,-6.1617,-6.6344,-6.4603,-6.9715,-7.3135,-7.0082,-7.7183,-7.915,-7.7295,-7.2825,-7.9835,-8.0158,-8.2827,-8.7221,-8.1494,-8.322,-10.0924,-8.8301,-10.6091,-9.6307,-10.0922,-9.9481,-10.0917,-9.9472,-10.5638,-10.3919,-11.0906,-11.6198,-10.6675,-10.9084,-12.2409,-11.9919,-12.0903,-11.8056,-12.6766,-13.1698
112.5987048311361,35.93029976475337,-1.1604,-1.3114,-0.9595,0.2878,0.6533,1.5619,1.8393,2.1757,3.2545,3.3522,4.419,5.3488,5.1273,5.2571,6.5845,6.9142,8.0004,8.2186,9.5653,8.852,10.4355,10.1433,10.9141,11.8752,12.4004,13.3471,13.6687,14.346,15.255,15.1211,15.8901,16.1891,17.2121,18.6741,19.1309,20.0201,19.3744,19.7417,20.903,21.8767,22.0039,22.265,22.8909,23.866,24.3307,25.1762,25.9818,26.8438,27.524,27.5157,29.2461,29.5716,29.8636,30.4703,30.0161,30.7599,31.658,32.8135,33.0932,33.9084,33.72,34.3277,35.2292,35.3903,36.2906,36.7188,37.1098,38.1489,39.3074,39.6183,40.4964,40.9088,41.146,42.0048,42.3284,43.1867,44.3502,44.057,45.1629,46.0127,46.643,46.8018,47.1551,47.9384
112.04085202898811,35.531712529703455,-2.2512,-2.0095,-2.1107,-3.4782,-2.6479,-3.321,-4.0388,-4.44,-3.8964,-4.0095,-4.2429,-4.1898,-4.3107,-4.847,-5.1038,-5.5912,-5.3939,-5.7885,-5.5456,-6.7591,-6.5873,-6.5643,-6.6541,-7.2437,-7.1199,-7.4227,-7.3462,-7.9382,-8.1626,-8.4077,-8.47,-8.8906,-9.0528,-8.7447,-9.5426,-9.6425,-9.5876,-10.2532,-10.7787,-10.7896,-11.4149,-11.373,-10.7853,-11.1418,-11.8682,-11.7469,-12.4971,-12.7343,-12.326,-12.9046,-12.8533,-13.4411,-13.948,-13.2395,-14.3362,-14.0793,-13.5757,-15.0522,-14.5768,-14.6743,-14.9319,-15.4449,-16.2103,-15.8235,-16.3957,-16.2081,-16.6871,-16.6836,-17.3794,-17.3558,-17.4185,-17.9267,-18.0657,-18.1376,-18.2576,-18.6152,-18.4772,-19.3085,-19.6092,-18.749,-19.6968,-20.2539,-20.0709,-20.8409
112.0310986887898,35.29906783393407,-4.8792,-4.882,-4.215,-4.2369,-3.8379,-4.0439,-3.8599,-3.4378,-3.5312,-2.6565,-2.7196,-2.4262,-2.2627,-2.6033,-2.3481,-1.899,-1.8786,-1.6593,-1.6743,-1.3552,-1.3076,-1.1304,-0.9541,-0.3372,-0.7935,-0.2171,0.0736,0.1679,0.6666,0.8087,0.3835,0.5121,1.389,0.9723,1.267,1.7005,1.0603,1.7195,1.6108,1.8724,2.3421,2.6775,2.4039,2.2919,2.6294,2.9625,3.7218,3.2254,3.8239,4.0178,4.4015,4.2005,4.2811,4.6654,4.5958,4.4033,5.1066,4.9259,6.1081,5.5859,5.659,6.3854,5.4678,6.4905,6.6836,6.841,6.64,6.8654,6.9796,7.5211,6.925,7.3458,8.2291,8.2344,8.3361,8.4822,8.3574,9.0677,8.469,8.8219,9.8525,9.2084,9.9338,10.2615
111.72875498656038,35.47679199048749,-9.7006,-10.5926,-10.2059,-10.3028,-9.9003,-9.6971,-10.1393,-9.9791,-9.8182,-10.4427,-10.2903,-10.98,-10.2194,-10.605,-10.5744,-10.3959,-11.1664,-10.5202,-10.2406,-10.6771,-10.9777,-10.9406,-10.5505,-11.2784,-11.3154,-11.5345,-10.6727,-11.5152,-11.5884,-11.7616,-11.3165,-10.9766,-11.0792,-11.4609,-11.8989,-11.3376,-11.2191,-11.2975,-12.0727,-12.2283,-12.0296,-11.7626,-11.7128,-11.633,-11.9781,-12.3857,-11.9342,-12.3403,-12.5179,-12.7259,-12.4905,-12.3589,-12.942,-12.4592,-12.9999,-12.2466,-12.5584,-12.3583,-12.59,-12.1931,-12.4152,-12.3943,-13.1226,-12.1677,-13.03,-13.491,-13.049,-12.9477,-13.725,-13.2527,-12.4649,-13.1528,-12.9885,-12.9345,-13.0852,-13.379,-13.2657,-12.9176,-13.3196,-13.7725,-13.7007,-13.5897,-14.004,-13.3226
112.4582694962599,35.765565155362246,1.6241,1.2618,2.0014,2.5251,3.2389,3.3128,3.8815,4.854,5.3707,6.458,6.2995,7.7298,8.4352,7.9419,9.1326,10.1408,10.3237,10.4665,10.7706,12.6579,12.4015,13.5579,13.8251,14.8023,15.4911,14.8568,16.0345,16.3804,17.5396,17.5845,17.7912,19.3025,20.8859,20.811,20.7657,22.0951,21.9222,23.099,22.5742,24.1335,23.9704,24.9285,25.7053,26.2973,25.8959,27.7736,28.027,29.1343,30.0052,29.3285,29.3691,30.6575,31.7665,31.9559,32.3332,33.5817,34.4922,35.0755,34.5631,36.312,36.4719,36.9383,37.012,38.247,38.2934,39.3962,40.2405,40.6937,41.2935,41.2165,42.2818,43.3954,43.7252,43.5253,44.5726,45.8252,46.1418,46.5627,47.0699,47.5403,47.8609,49.187,49.435,49.9821
112.00028547566542,35.800538863244576,-1.4437,-1.6347,-0.8524,-1.1327,-0.4251,0.4234,0.231,0.76,1.2121,1.2258,2.1835,1.6387,2.3263,2.1948,2.8277,3.5999,3.7297,4.2914,4.4798,4.8872,4.9669,5.378,5.0856,6.1771,6.3498,6.7002,6.8415,7.4777,8.3816,7.969,8.6112,7.9911,9.8441,9.7224,10.5901,9.8612,10.6219,11.5916,11.292,12.163,11.7048,12.4317,12.6968,13.6111,13.4222,13.9216,14.522,14.8701,14.722,15.1355,15.3773,15.484,16.4955,16.7843,16.9517,17.074,17.6076,18.6452,18.8294,19.3499,19.7937,19.4448,20.1459,20.0743,19.8589,20.1084,21.0674,21.7,21.9558,22.5977,22.3856,22.7095,23.2047,24.0615,23.8341,24.8639,24.7139,24.9994,24.9011,25.9456,26.4922,26.4507,26.9072,27.2668
111.86630602875283,35.683158912432376,15.178,13.642,12.9949,12.1537,11.3713,10.9267,9.9994,9.5615,9.2851,8.1977,7.8893,7.4127,5.6153,5.1554,4.6411,4.096,3.3266,2.6241,1.5287,0.7304,-0.1832,-0.6578,-0.7311,-1.9655,-2.8551,-3.6969,-4.1701,-4.9221,-5.4529,-6.4007,-7.1622,-7.7246,-8.4839,-9.52,-10.4004,-11.2828,-11.6021,-11.5147,-12.9649,-13.3571,-14.1356,-14.6962,-16.4674,-16.1684,-18.0391,-18.4175,-19.3331,-19.6665,-20.2246,-21.2841,-22.2013,-21.7321,-23.2401,-23.9074,-24.7983,-25.2302,-26.3134,-26.6623,-27.3609,-28.1551,-28.7379,-29.7866,-30.0262,-31.1632,-31.9336,-32.6987,-33.5629,-34.203,-35.0082,-35.866,-36.1182,-37.5,-37.5856,-38.2746,-39.4978,-39.5179,-40.946,-41.175,-41.7698,-42.9149,-43.1046,-44.0881,-44.5186,-45.9208
111.40534106398067,35.518651085378316,8.2875,8.3833,8.3267,7.6644,7.4517,7.1839,6.6777,6.7232,6.171,6.1456,5.6198,5.1742,5.3994,5.3673,4.9029,3.926,4.2892,4.0859,3.6498,3.3533,2.6534,2.6231,1.8303,2.0713,1.8927,1.7714,2.3372,1.289,1.16,0.0277,0.4368,0.1458,0.1518,-0.6229,-0.9265,-1.0655,-0.6956,-1.5955,-2.1187,-1.8823,-2.283,-2.9255,-2.7211,-3.1383,-3.4734,-3.9656,-3.9737,-4.4215,-4.1061,-4.6569,-5.548,-5.6644,-5.67,-5.8238,-6.2859,-6.3794,-6.6355,-6.6145,-7.3748,-6.7096,-7.4324,-8.4705,-8.5409,-8.9612,-8.6558,-8.5981,-9.0144,-10.2681,-9.651,-10.1802,-10.7666,-10.3813,-11.098,-11.3126,-11.9922,-11.8417,-11.5109,-12.3267,-12.7565,-12.5915,-12.9127,-14.6027,-13.8554,-13.9812
111.93070811027026,35.633534827831774,2.1387,2.216,2.1842,2.2602,2.4777,2.2422,2.0609,2.3168,2.2082,2.3239,1.7212,2.0105,2.6161,2.139,1.8688,2.419,2.5142,2.5188,2.4769,2.3881,2.4206,2.3709,2.0768,2.0031,2.1363,2.2581,3.4394,2.9794,3.1999,2.8362,2.5388,2.5638,2.4097,3.1832,3.5536,2.9635,2.3911,3.0644,2.6388,3.45,3.4253,2.55,3.024,3.0808,3.7641,2.7221,2.6169,3.0447,3.5822,3.0291,2.9945,3.1497,2.4607,2.642,2.9837,3.2801,2.5816,3.2681,2.9594,3.0471,3.195,3.2784,3.4288,3.6624,2.9748,3.3722,3.3551,3.4781,3.2994,3.5476,3.7522,3.3965,3.5763,3.1513,3.0549,4.0768,2.8651,3.7654,3.4315,3.54,3.7956,3.3512,4.042,3.4365
111.9109400598059,35.82092144128496,2.129,2.4264,2.2248,1.0617,1.4844,1.2523,1.3892,1.1455,0.4871,0.2512,0.8834,0.076,0.0486,-0.0964,-0.0637,-0.6998,-0.7028,-0.9825,-1.1504,-1.3042,-2.1269,-1.5589,-2.1946,-2.7492,-1.9562,-2.8034,-3.0238,-2.8986,-2.9723,-2.8274,-3.3482,-3.2023,-3.2461,-4.446,-5.0566,-4.2122,-4.7964,-4.2796,-4.8172,-5.2914,-5.6265,-5.5182,-5.872,-5.867,-6.2906,-6.4692,-6.8849,-6.6544,-6.8551,-6.8908,-7.1894,-7.203,-7.5031,-8.0032,-7.8293,-8.2918,-8.4058,-8.627,-8.2306,-9.1796,-9.3416,-9.5822,-9.8531,-9.2854,-9.7584,-9.7485,-10.6954,-10.9114,-10.4782,-10.3292,-11.1733,-11.0018,-11.0591,-11.494,-11.7267,-12.0106,-12.251,-12.7002,-12.7228,-12.8734,-13.4732,-13.0489,-13.0797,-13.1954
112.69141071490641,35.670467595758936,15.0501,14.7608,16.0111,16.2404,17.0694,17.0321,17.3081,18.1246,18.3894,19.0313,19.2092,19.4609,19.5584,20.3059,21.4039,21.398,21.981,21.8175,22.8773,22.8392,23.2797,24.2631,24.2135,24.0672,25.5403,25.5227,26.0675,26.6894,27.2402,27.6292,27.5367,28.2046,28.3558,28.8711,29.1212,30.302,29.8935,30.4496,31.2094,31.6038,32.3599,32.5394,33.629,33.0625,33.7458,34.8207,35.1427,34.9884,35.8484,35.4392,36.8414,37.3103,37.4639,37.7918,37.9544,39.0697,38.9766,39.4159,39.8559,40.2506,40.2532,41.1171,42.2378,41.9032,42.5007,42.3889,43.2658,43.8596,43.7741,44.4672,44.9605,45.445,45.5602,46.2189,46.9376,46.9111,46.6162,47.5534,47.8798,48.4353,48.7424,49.1656,50.098,50.4515
111.25721881774425,35.74867076928719,12.7388,12.885,13.1192,14.1822,14.9447,14.7218,15.755,15.9174,16.7187,17.4752,17.8121,17.2951,18.7596,19.3464,19.051,20.3589,20.5963,21.157,21.772,22.5936,22.7013,22.8625,23.6175,24.1955,24.7763,25.5077,25.559,26.0509,26.0767,27.6588,27.6464,28.7829,29.1919,28.9411,29.7978,30.648,30.9134,30.9954,32.5818,32.2036,33.2434,34.0849,34.2147,34.5956,35.1987,35.1295,36.1033,37.2627,37.041,38.0782,38.121,38.8666,39.3311,40.3487,40.3028,40.6474,41.4633,41.6573,42.1333,42.6612,43.7077,43.7982,44.6048,45.0636,45.7377,45.4761,46.1891,46.5794,46.7679,48.1536,48.2926,49.2276,50.0368,50.1886,50.6211,51.0722,51.6588,52.3714,52.3401,53.559,54.3121,54.2621,53.988,54.4536
111.50167299568638,35.27724361848615,11.6466,11.5556,11.0063,10.8604,11.5212,10.907,11.4344,10.4199,10.765,10.829,10.9055,10.515,9.8599,10.2802,10.1678,10.4634,9.9041,9.6307,9.6233,9.2076,9.4707,9.5155,9.2859,9.1692,9.5643,9.4711,9.5241,9.8012,8.7428,8.3196,8.5012,8.4712,8.8728,8.1506,8.7739,8.0852,8.3035,8.5349,8.0261,7.8512,7.9525,7.9636,8.1958,6.9682,7.9539,7.7742,7.2582,7.5268,8.0488,7.3633,6.3694,6.0461,7.1908,7.0418,6.9575,6.386,5.6637,5.9843,6.1515,5.9032,5.9198,5.6306,5.4397,6.0213,5.6797,5.6597,6.1519,5.6227,5.072,5.3646,5.1253,5.1076,5.2993,4.8646,4.9962,4.4453,4.8946,4.1265,4.2337,4.4417,4.6006,3.8997,4.0485,3.9458
112.07980360271577,35.82904094028785,7.3575,7.2879,7.5681,7.187,7.1855,7.5081,7.6099,7.5196,7.6721,7.3746,7.9664,7.1837,7.44,6.7601,7.4555,7.3047,7.7935,7.695,7.553,7.1169,7.9886,7.5633,7.1872,7.5198,7.6108,7.7304,7.8882,7.3019,7.8282,7.7144,7.377,8.1052,7.5074,7.5496,7.48,7.3998,7.616,7.6166,8.0267,7.4437,7.7828,7.1031,7.8365,8.2348,6.6709,7.6643,7.8536,7.4245,8.0861,8.18,7.5737,7.4638,7.3518,7.415,7.4355,8.0936,7.9005,7.7527,8.192,7.5646,7.0525,7.3198,8.0319,8.0672,7.8028,7.1741,7.975,7.4161,7.6783,8.1367,7.7302,7.5047,7.8997,8.0055,7.3262,8.0804,7.7199,7.6654,7.4444,7.7827,7.6265,7.7112,7.5778,7.3478
111.8792226384787,35.50513337424967,-0.2007,-0.8526,-1.6928,-1.7597,-2.609,-3.5131,-4.3045,-5.1487,-5.6967,-5.8798,-6.9936,-7.582,-8.7737,-9.2265,-10.0215,-10.5131,-12.0914,-11.9358,-12.8764,-13.3464,-14.4962,-14.8459,-16.402,-17.0316,-17.3651,-16.9606,-18.7773,-19.3933,-19.363,-19.736,-21.7548,-22.0045,-21.9365,-22.9523,-24.6358,-25.151,-25.1421,-26.6936,-26.4753,-27.6713,-29.3701,-28.5912,-29.8204,-30.3296,-31.0161,-31.5168,-32.3648,-33.0944,-34.3034,-34.6911,-35.6557,-36.5327,-36.5245,-37.1819,-38.7786,-38.9234,-39.6536,-40.3299,-41.1887,-41.4945,-42.2807,-43.5872,-43.664,-44.1217,-45.0289,-45.8507,-46.4501,-47.3641,-48.2283,-49.2743,-49.5678,-50.1675,-50.5202,-51.4875,-52.6074,-53.4625,-53.6363,-54.5353,-54.6945,-56.1898,-56.9128,-57.3323,-58.2057,-58.4908
111.39185929954016,35.27324640439765,13.2388,12.8912,12.217,11.3187,11.0072,10.951,10.0457,9.82,9.3863,8.6297,8.2114,7.977,7.1201,6.871,6.3376,6.3787,5.5838,5.3665,5.2064,4.4724,3.3068,3.1222,2.3784,1.5172,1.1232,0.8038,0.0458,-0.3063,-0.1772,-0.8767,-1.8776,-1.8105,-2.4622,-3.3701,-3.8672,-4.3191,-4.8878,-6.071,-5.2082,-5.9542,-6.4814,-6.9028,-6.9031,-8.0644,-8.4708,-9.4316,-9.2579,-9.9878,-10.513,-10.4175,-11.4318,-11.7446,-12.9028,-12.4263,-13.3536,-13.4783,-14.2693,-15.1595,-14.9813,-15.6835,-15.8977,-17.2797,-17.4436,-18.0945,-18.2482,-18.4681,-19.0496,-19.7463,-20.5326,-20.3723,-21.0919,-21.3444,-21.9376,-22.8224,-23.1822,-24.13,-24.7031,-24.2405,-24.8796,-25.6612,-26.0583,-26.606,-27.1569,-27.611
111.5188215462803,35.81150115174923,8.4225,7.3884,7.6879,8.0286,7.7657,7.7777,7.5638,7.5007,7.2438,7.8361,6.7834,7.2273,6.8232,6.8273,6.6554,5.4431,5.6793,6.1425,6.4135,6.1035,6.192,5.6113,4.9432,5.5597,4.9759,5.1967,5.0987,5.4692,4.8946,4.8187,4.9357,4.0912,4.6818,3.9234,4.401,3.899,3.1007,4.1254,3.9303,4.3934,3.1144,3.3125,2.3004,3.6652,3.1134,2.9053,2.2467,1.9817,1.3046,2.0993,2.0382,1.5201,2.0721,2.2239,1.2926,1.3749,1.1028,1.421,0.9622,0.489,0.5438,0.0113,0.5222,0.7699,0.0312,0.1537,0.4587,0.4234,-0.0927,-0.8477,0.0966,-0.494,-0.6952,-1.0248,-1.1811,-1.2508,-1.2485,-0.9349,-1.1816,-1.0958,-1.3726,-1.2762,-1.7046,-1.9581
111.97972103110291,35.6712420624115,-8.2927,-8.1947,-7.9382,-7.8788,-6.5568,-6.315,-6.3081,-5.9472,-4.7095,-4.946,-4.7747,-4.6167,-3.5918,-3.17,-2.3399,-2.1546,-1.8794,-2.0588,-0.9868,-0.8028,-0.2191,-0.1759,1.0307,0.7254,1.7195,1.658,3.0086,3.1689,2.9039,3.36,3.8444,4.1445,5.3963,5.58,6.2339,6.3423,6.2311,6.8176,7.9271,8.1743,8.5887,8.6786,9.2286,10.018,9.6754,10.5548,10.9364,11.8028,12.6692,12.5141,12.9267,13.0604,13.9755,14.4288,14.1375,14.7922,15.8029,16.0665,15.7257,16.4821,17.2852,17.5823,18.1419,18.4899,18.399,19.0239,19.1838,19.7569,20.1327,20.6789,21.2141,21.5578,21.5965,22.3983,23.1446,24.1348,23.8397,23.9001,24.0822,25.6884,25.6196,25.7158,26.0044,26.548
112.53088187676235,35.39336684794415,-1.3946,-1.702,-1.5077,-2.3329,-1.939,-2.6337,-3.0159,-3.4084,-3.2463,-3.5276,-3.9779,-4.6787,-5.2779,-5.1479,-5.4567,-5.7226,-6.2821,-6.5694,-6.8163,-7.3963,-7.2459,-7.192,-7.4646,-8.3284,-8.5068,-8.7685,-9.023,-9.3175,-9.7304,-9.558,-10.4111,-11.1342,-11.1716,-11.353,-11.5676,-11.6712,-12.6692,-13.146,-12.5965,-13.149,-12.8573,-13.9174,-13.8827,-14.3554,-14.3779,-15.645,-15.0228,-15.2175,-16.4882,-16.5685,-16.15,-16.5803,-16.8959,-17.4655,-17.9,-17.3769,-18.1452,-18.1644,-17.9162,-19.2096,-19.787,-20.0857,-20.2514,-19.6074,-21.1014,-21.0207,-20.6374,-21.4221,-21.3409,-22.0785,-22.492,-22.8954,-23.6651,-23.3887,-23.3195,-24.5556,-24.4335,-24.7547,-25.686,-25.6295,-25.7537,-26.1859,-26.2615,-26.1727
111.59896418724988,35.590994322628866,12.8189,12.8742,13.2818,14.5743,14.235,14.9569,15.6471,15.5736,15.641,16.5838,17.6214,18.0949,17.8788,18.5995,18.6502,19.0188,20.1355,20.5872,20.3874,21.7201,21.8602,22.062,22.8126,23.2498,23.2944,23.7673,24.829,25.1347,25.7866,25.4041,26.6373,26.5081,27.8601,27.9505,28.8641,28.7454,29.103,29.6908,30.717,30.2553,30.9631,31.6553,31.2507,31.5886,32.8823,33.1772,33.7682,34.3321,34.1179,35.2494,35.0069,36.1067,36.9089,36.748,37.6909,37.3589,38.1778,38.3192,38.6589,40.1539,40.5503,40.4656,41.1864,42.1247,41.7372,42.3573,42.8943,42.8609,43.6774,44.6103,44.2635,45.6259,45.7087,45.9781,45.7423,47.1372,47.2379,47.8785,48.5048,48.8991,49.475,49.1833,49.8792,50.6252
111.40766842757671,35.620026177192386,6.9955,7.7357,8.7404,8.7867,10.1121,10.7983,11.5554,12.2287,13.3923,13.8116,14.4012,15.3489,16.1626,16.6842,17.5501,18.5653,18.5442,20.0736,20.7549,21.3888,22.7396,22.4788,24.007,25.3989,25.3317,26.572,27.0517,27.7722,28.6048,29.0612,29.2341,30.6105,31.4218,31.8217,32.909,33.4255,34.2635,35.1157,36.537,36.6286,36.9686,37.9541,38.6819,39.3534,40.0477,41.0919,42.343,43.0524,43.5249,45.0194,45.3681,45.8895,46.4589,47.7577,48.4543,49.0215,50.486,50.4587,51.213,52.2618,53.0751,53.7173,54.0124,55.6318,56.658,56.7466,57.2284,58.2094,59.389,59.5136,60.6957,61.9566,61.9425,62.8435,63.4944,64.194,65.3615,65.411,66.8271,67.3809,68.2652,69.4947,70.2588,70.5997
111.8621126423277,35.369293357306475,5.0976,4.5722,3.9339,3.337,2.9158,2.6341,1.9985,0.9371,1.1091,0.0049,-0.1218,-0.9476,-0.8433,-2.1061,-2.1054,-3.0402,-3.6291,-3.5117,-5.1658,-4.3299,-5.3514,-6.4772,-6.6169,-7.6769,-8.0685,-8.6469,-8.9053,-9.5082,-9.7024,-10.7429,-10.9216,-11.1635,-12.354,-12.294,-13.4645,-14.0887,-13.8993,-15.6883,-15.2288,-15.8755,-16.9397,-17.2773,-17.5888,-18.4961,-18.7599,-20.1105,-20.213,-20.7727,-20.6194,-21.9648,-22.273,-22.787,-24.2292,-23.7961,-23.963,-24.8312,-24.5386,-25.8358,-26.9382,-27.3772,-28.1775,-27.8737,-28.5942,-28.9806,-29.8083,-30.5229,-30.9154,-31.3293,-31.6487,-32.2716,-32.9611,-33.8653,-34.5025,-34.7002,-35.0726,-35.3794,-36.1511,-37.2531,-38.085,-37.755,-38.8872,-38.9752,-39.564,-40.7304
111.98484186329092,35.861576430171084,-3.4689,-3.698,-4.6488,-6.0902,-6.3658,-6.4717,-7.4503,-8.5297,-8.8798,-10.1689,-10.4135,-11.0408,-11.6635,-12.3066,-13.5757,-14.9142,-15.2259,-15.8501,-16.4214,-16.652,-18.2065,-17.9318,-19.5667,-20.0719,-21.0438,-21.5015,-23.124,-22.5534,-24.2528,-24.972,-25.4576,-26.2811,-27.1716,-27.1499,-28.2578,-28.9924,-30.62,-31.163,-31.833,-31.6519,-32.9895,-34.0699,-34.6047,-35.8059,-36.0318,-36.1218,-36.9995,-38.0327,-39.1538,-39.7882,-40.064,-41.0563,-41.6463,-42.5129,-43.2016,-44.3758,-44.7837,-44.4433,-46.6378,-46.3348,-47.704,-48.3546,-49.6038,-49.6569,-50.9396,-51.8251,-52.24,-53.1617,-53.546,-54.7604,-54.9186,-56.03,-56.9522,-57.6288,-57.8663,-59.4197,-60.014,-60.7367,-61.2184,-62.1825,-63.0142,-63.6594,-64.6186,-64.4654
112.22111300920525,35.65258310109179,1.3675,0.6162,-0.4287,-0.7626,-1.5209,-2.272,-3.582,-3.9666,-4.5785,-5.4374,-6.7944,-6.9389,-7.8018,-8.9955,-9.4371,-10.2477,-10.9711,-11.9756,-12.8765,-14.0958,-14.7946,-14.9446,-16.0483,-16.5334,-17.3441,-18.5014,-19.5044,-20.0603,-20.6839,-21.984,-22.1453,-23.5399,-23.2678,-24.4721,-25.7837,-25.4898,-27.828,-27.5779,-28.5241,-29.952,-29.6756,-31.0463,-31.5131,-32.7934,-33.3098,-34.0234,-34.5437,-35.314,-36.6696,-37.7356,-37.9064,-38.6917,-39.7329,-40.1609,-41.3753,-42.5602,-42.6642,-43.6419,-44.047,-44.9564,-45.6937,-46.5393,-47.5565,-48.1059,-49.3596,-49.817,-50.5487,-51.4207,-51.9866,-52.9578,-54.0041,-54.4156,-55.2111,-56.2652,-57.2787,-57.1711,-58.6895,-59.3666,-59.6885,-60.3232,-61.4396,-61.9536,-62.8366,-64.4042
111.88701129348516,35.59766412147656,-9.0374,-9.3245,-8.3351,-7.9926,-7.2875,-6.4223,-5.886,-5.1734,-4.7581,-4.6504,-3.8951,-3.5317,-3.2028,-1.516,-1.8788,-1.2664,0.0956,0.0366,0.6233,1.6198,2.3351,2.553,3.3757,3.6108,4.3154,4.8347,5.9544,5.9229,6.3777,7.8504,7.5981,8.1938,9.3204,9.6316,10.9703,11.5634,11.2701,11.8341,12.9155,12.9978,14.4386,14.7974,15.136,15.2111,16.3003,17.3986,17.3344,18.3549,18.2033,18.4855,19.462,19.9261,21.214,21.0699,21.2099,21.9815,23.2141,23.8586,24.344,25.1483,25.3991,25.8092,26.6836,27.2279,26.9734,27.3425,28.626,28.8795,29.9298,30.6477,31.354,31.9368,31.8176,32.9425,33.0738,33.8847,34.4076,35.8303,35.6051,36.2066,37.4001,37.3976,38.474,38.8987
111.80007338984687,35.45730183097794,11.4276,11.413,11.8204,12.8125,13.8032,14.5925,14.7732,15.0269,16.7166,17.2253,17.4453,18.5166,18.5601,19.1301,20.1518,20.8692,21.9159,22.563,22.9955,23.6257,23.8724,25.112,25.956,25.921,26.3408,27.6071,26.9477,28.9542,29.1273,30.3333,31.1869,30.9083,32.2132,32.0026,33.5951,34.3935,34.7817,35.264,35.6498,36.419,37.2219,37.9857,38.3401,39.124,39.042,40.9468,41.0264,41.523,42.3289,43.4597,44.2271,44.3653,45.3955,45.896,46.4547,47.0122,47.8156,48.8673,49.5147,49.7326,50.1954,51.1335,51.3969,52.1748,52.4124,53.0291,54.3598,54.3396,55.2618,56.5317,56.8238,57.2374,57.8108,58.2993,59.443,59.7653,60.6538,60.9291,61.9517,63.258,63.2711,63.7851,64.697,64.7263
111.29315986307775,35.60504494625388,-2.584,-3.1697,-2.6829,-1.6992,-1.2991,-0.8958,-0.3961,-0.0256,1.0605,1.3077,2.2617,2.1223,2.4152,3.3755,3.8139,4.737,5.2345,5.9799,6.9103,7.1987,7.7176,8.099,8.9686,9.4876,9.5956,10.0005,10.9104,11.4216,11.7794,12.7792,13.1043,13.2895,14.4094,14.9163,14.9406,16.423,16.8988,16.8936,17.5226,18.8834,19.034,19.2346,20.0474,20.814,20.8599,21.8766,22.0892,22.5226,23.6845,24.3285,24.7378,25.3664,25.0838,26.3564,26.3797,27.1973,28.0555,28.19,28.7358,29.0924,30.2429,30.2989,30.8454,31.9345,32.4707,32.5259,33.5414,34.386,35.2197,34.964,36.5816,36.8213,36.7941,37.5712,38.1167,38.0671,39.808,39.5358,39.9723,40.9481,41.8607,42.3598,42.5585,43.1239
111.8127724932128,35.25175647259515,-11.285,-11.7382,-11.8575,-11.9414,-11.8733,-10.8168,-12.3148,-12.3267,-11.9895,-12.4427,-12.783,-12.1091,-12.9732,-12.8166,-12.2501,-13.1199,-12.8908,-13.0511,-13.1408,-13.0864,-13.7883,-13.1572,-13.7936,-13.5913,-13.6856,-13.475,-14.4011,-14.2571,-14.7122,-14.1668,-14.7305,-14.0614,-15.0704,-13.8184,-14.6795,-14.8139,-15.8171,-16.0717,-15.2935,-15.5482,-15.5698,-16.0128,-16.2486,-15.796,-16.3128,-16.3753,-15.7915,-16.2699,-16.2502,-16.742,-17.1987,-17.0387,-16.3221,-17.253,-17.4579,-17.2028,-17.5471,-17.3145,-17.6382,-18.1531,-18.1738,-17.9521,-18.4982,-18.3262,-18.3949,-18.1869,-18.8163,-18.954,-19.2064,-18.5584,-18.9116,-18.7209,-19.5826,-19.7672,-19.1661,-18.9347,-19.9076,-20.4706,-19.0738,-20.0211,-20.314,-20.4376,-20.6012,-20.1381
111.54679394845094,35.367586822168896,13.7264,13.6231,13.7883,14.7753,15.0847,15.1995,16.0158,15.9761,17.0548,17.6174,18.0614,18.0533,18.6837,19.594,20.1321,20.2237,21.0035,21.541,22.5404,23.0427,23.6223,22.7752,24.0203,23.9764,25.0862,25.6697,25.4817,26.3315,27.6606,27.5628,28.0823,28.1157,29.4088,29.3592,30.3124,30.6908,30.993,31.002,32.7766,32.2395,32.9539,32.9628,33.4597,34.3385,34.6588,35.8398,35.9472,36.7059,36.9367,36.9169,38.2148,38.2219,38.1635,39.2585,40.2346,40.0185,40.4267,40.8405,41.5559,41.715,42.6003,43.4115,44.4539,43.9382,44.879,45.7954,46.7209,46.4041,46.8301,47.5084,48.056,48.4124,49.0331,49.7577,49.8451,50.485,51.0311,51.671,52.3933,52.6367,52.6632,53.0785,54.044,54.7063
111.30622141018621,35.545883425291315,-13.9101,-14.0337,-14.3909,-14.0995,-13.4238,-13.363,-13.3202,-13.0873,-12.9704,-13.5525,-12.1461,-12.3037,-12.6728,-12.3913,-11.4117,-11.2772,-10.9931,-10.9374,-10.8812,-10.0327,-11.326,-9.9736,-10.4811,-10.5762,-9.0496,-9.6757,-9.9072,-8.914,-9.0912,-8.815,-9.0796,-8.8833,-8.5661,-7.7857,-8.4645,-7.3328,-7.5558,-6.9893,-7.5258,-7.199,-6.9723,-6.8741,-6.8651,-6.2756,-6.1494,-6.2414,-5.7136,-5.4892,-5.7743,-5.3398,-4.9468,-4.9663,-5.4692,-4.7306,-4.6864,-4.8034,-3.9178,-3.5747,-4.258,-4.1633,-3.1147,-3.2088,-2.9352,-2.752,-2.6637,-2.9485,-1.8906,-2.6362,-1.9047,-2.0257,-1.8245,-1.0904,-1.3354,-0.8419,-1.0073,-0.2951,0.1242,-0.2525,-0.3363,-0.4989,0.0258,0.0214,1.0898,1.345
112.05634365038084,35.48800793764616,2.8011,3.4275,3.5702,4.4697,5.3153,6.2465,7.0358,7.5296,7.7475,8.2647,9.5612,9.3905,9.6032,10.8195,11.0503,12.1889,12.046,13.9765,14.3534,13.816,15.02,15.4373,16.2992,16.7006,16.8667,17.4025,18.5303,19.1252,19.6086,20.3114,21.0465,21.5161,22.4515,22.5276,22.7652,24.5129,24.3261,25.1742,25.5645,26.2643,27.5489,27.6154,28.4694,28.6652,28.7218,29.4761,30.7381,30.7896,31.4091,32.6197,32.6209,33.5339,33.9911,34.5228,36.0051,35.4545,36.2936,36.8366,37.7759,38.2331,39.1368,38.6772,40.1073,41.4976,40.6918,41.7871,42.0339,42.7689,43.272,44.2217,44.7377,44.8771,45.7686,46.4861,46.7767,47.6354,48.139,49.2238,48.7675,50.0047,50.7234,51.349,52.079,52.2636
112.393473966144,35.581022184103944,-13.7857,-14.5752,-14.7353,-15.692,-16.2796,-16.7288,-16.8499,-18.3783,-18.6003,-18.1712,-19.8516,-20.0682,-20.3187,-21.4615,-21.898,-21.9914,-22.7253,-23.2532,-23.0005,-23.9702,-24.3641,-24.9669,-25.8534,-26.9835,-26.6648,-27.5362,-28.3043,-28.6869,-28.8219,-30.1412,-29.5485,-30.4784,-31.1281,-30.9115,-32.8727,-32.1473,-32.9338,-34.2616,-34.4678,-34.7406,-35.2507,-35.7738,-36.3039,-37.207,-37.9727,-38.1467,-37.9507,-38.869,-39.8926,-39.9838,-40.3921,-40.7396,-42.2605,-42.1549,-42.9954,-42.5653,-44.0227,-44.3029,-45.32,-45.5993,-45.9827,-46.0822,-47.5955,-47.439,-47.8742,-48.7835,-50.0147,-49.958,-50.404,-50.5533,-51.237,-52.2919,-52.7895,-53.1056,-53.9766,-53.9193,-54.449,-55.4816,-56.2931,-56.42,-56.0765,-57.2738,-57.5332,-58.2115
111.75553519464675,35.261963278567634,9.7935,9.8234,11.0997,10.8324,10.1981,11.1551,10.6913,11.388,11.8217,11.3961,12.1692,12.1654,11.8599,12.001,12.1159,11.9779,12.3826,13.1597,13.2686,12.9084,12.9725,12.6819,13.4977,13.8077,14.5267,14.1569,14.2331,14.4081,14.7214,15.4133,15.0209,15.189,15.3792,15.0741,15.4734,15.4922,16.1453,16.5597,15.9074,16.1766,16.5181,17.1364,16.5676,16.5179,17.5116,17.0786,17.108,17.796,17.7004,17.465,17.6521,18.2363,18.5971,18.2349,18.4395,18.6511,18.8772,18.8695,19.3285,19.5837,20.0265,19.3795,19.7984,20.0069,20.2083,20.3404,20.9286,20.328,20.5484,21.3712,20.9325,21.0545,21.4915,21.5804,21.7273,22.4132,22.0318,21.9686,22.1826,22.2447,23.067,22.99,22.8336,22.8838
111.50120554994642,35.48561893874374,-5.2793,-5.4533,-5.7552,-5.7128,-6.2818,-6.02,-6.4228,-6.8507,-6.565,-7.3392,-7.283,-8.1597,-7.8042,-7.5927,-8.5634,-8.2276,-8.7118,-8.6197,-9.3053,-8.8903,-9.7116,-9.939,-9.657,-10.9712,-10.4123,-10.5691,-10.6011,-11.312,-11.6071,-11.1427,-11.7813,-12.2179,-12.4425,-12.2495,-12.1163,-12.9787,-13.2187,-12.9275,-13.5629,-14.2367,-14.2793,-14.1096,-14.8728,-14.3948,-15.0697,-15.0433,-14.8012,-15.0019,-16.3023,-16.1044,-15.7886,-16.6662,-17.011,-17.0865,-17.3599,-17.4066,-18.1479,-17.5703,-18.5603,-17.968,-18.4186,-19.2769,-19.5026,-19.6429,-19.9555,-20.0036,-20.2697,-20.1698,-20.1703,-20.7029,-20.9337,-20.7244,-21.7862,-21.4595,-21.6988,-22.3794,-22.316,-22.1091,-22.7123,-23.1326,-23.4405,-23.4285,-23.8801,-23.8868
111.97907054973714,35.899982017308204,-8.9854,-9.1013,-8.3048,-9.0247,-8.9781,-7.8461,-8.6877,-7.9062,-8.4669,-7.9597,-8.0177,-8.1345,-7.4978,-8.3805,-7.6189,-7.3974,-7.3756,-7.1248,-7.3594,-7.4018,-7.2016,-7.0467,-6.3501,-7.2044,-6.6076,-6.1653,-6.5885,-6.7109,-6.5732,-6.5302,-5.9333,-5.7976,-5.068,-5.9441,-5.5333,-5.4963,-5.3821,-5.349,-4.7882,-5.6117,-4.9264,-4.9915,-4.7811,-4.1268,-4.8848,-4.8279,-4.5884,-4.4389,-3.6797,-4.0068,-3.5927,-3.2794,-3.8452,-3.566,-2.9745,-3.2897,-3.144,-3.3567,-3.7153,-3.6335,-2.8677,-2.604,-2.7926,-2.7594,-2.2705,-2.6764,-2.256,-2.3873,-1.9581,-2.2653,-1.6808,-1.7245,-1.1286,-1.8,-1.0885,-1.3862,-1.3313,-0.7157,-1.325,-0.2641,-0.842,-0.1284,-0.6905,-0.5846
111.35090460790566,35.904879407501234,-8.4553,-9.4261,-9.3602,-10.0911,-9.2146,-9.5112,-9.0231,-9.141,-9.3789,-10.1131,-9.4444,-9.6303,-9.9426,-9.5122,-9.6634,-10.3358,-10.6196,-10.7538,-10.6265,-10.2827,-10.7838,-11.4034,-10.7699,-11.4976,-10.6695,-11.2489,-11.9496,-11.4507,-11.1905,-11.9896,-11.4199,-11.1185,-11.8788,-11.9128,-11.277,-12.3526,-12.6632,-12.1069,-12.3198,-12.4242,-12.8128,-12.9476,-12.4472,-12.6871,-12.7908,-12.6602,-12.75,-13.4091,-13.1817,-13.4586,-13.491,-13.9292,-14.1872,-13.7586,-13.4158,-13.5706,-14.3867,-13.279,-14.3843,-14.4593,-14.3396,-14.1917,-14.6228,-14.5864,-15.4787,-14.7617,-14.7939,-15.4111,-15.2766,-15.1393,-15.4089,-14.9208,-15.1263,-15.9457,-15.1896,-16.0499,-15.875,-16.5854,-16.5131,-15.8976,-16.3931,-16.1646,-16.4242,-17.2774
112.32922343440121,35.690096031428155,13.2165,12.7921,12.0123,11.8071,11.0446,11.1981,11.2035,11.1694,10.735,9.412,10.1634,9.5922,9.0337,9.2696,8.6974,7.6543,8.5893,8.3203,7.63,7.6775,6.5918,7.1217,7.1149,6.8519,5.9406,5.3105,5.8365,5.3803,4.9139,4.2784,4.4112,4.3857,3.7927,4.0904,3.4617,3.6429,3.3162,2.3332,1.7952,1.9085,1.9527,0.8151,0.7366,0.8793,1.031,0.623,0.0113,-0.1688,-0.2791,-0.9378,-0.5708,-0.3476,-1.3437,-1.7651,-1.9269,-2.6989,-3.0232,-2.6806,-3.3571,-3.4425,-3.231,-4.2888,-4.5361,-4.5146,-4.5359,-5.3239,-5.0731,-4.88,-6.0655,-6.475,-6.0489,-6.5192,-7.0113,-6.7083,-7.6776,-8.0291,-8.0981,-8.1997,-8.7989,-8.8218,-9.0414,-9.357,-9.263,-9.3589
112.26556964668107,35.33431503484695,1.0873,-1.1286,-1.7561,-0.9901,0.4294,-0.9653,-0.6881,-2.888,-0.464,-1.7212,-0.2866,-1.8838,-3.0409,-1.5805,-1.4049,-4.2176,0.8755,-3.114,-1.5633,-3.2524,-2.5223,-0.7588,-1.5849,-1.5429,0.6191,-4.5614,-2.7708,-2.2753,-4.2938,-4.982,-2.9803,-3.7688,-2.9546,-4.6099,-3.6689,-6.1323,-7.3764,-9.0099,-4.904,-4.3168,-4.3067,-7.8931,-10.816,-8.9829,-10.3139,-7.8282,-13.0019,-9.8253,-10.2271,-13.0696,-13.9623,-14.0663,-12.5956,-15.5792,-15.2498,-14.4261,-15.3942,-13.7324,-13.2013,-17.0394,-16.4115,-14.9262,-20.1442,-19.2995,-17.8213,-19.3202,-19.2412,-21.2965,-23.8259,-22.6137,-21.6444,-24.4647,-27.0861,-23.4435,-24.988,-26.0629,-23.6249,-28.7967,-30.6352,-30.1991,-31.2583,-29.2352,-28.006,-31.6914
112.38765372190375,35.94899611730534,-12.885,-14.4134,-10.6772,-12.9517,-13.6384,-13.4683,-12.3231,-13.572,-17.2118,-15.416,-15.2796,-15.6614,-16.5884,-17.5177,-17.6937,-20.1158,-14.0979,-19.8988,-19.2489,-20.0736,-19.8905,-17.8764,-20.0687,-20.6225,-21.4019,-22.6057,-23.4978,-21.286,-23.3438,-26.0409,-24.2013,-28.7093,-26.27,-27.5207,-25.9501,-27.2756,-27.1275,-26.9348,-30.3141,-28.6867,-29.8544,-33.1999,-33.111,-32.0257,-33.1366,-34.5353,-35.3374,-35.7647,-35.2677,-34.1321,-39.0107,-36.3283,-38.8714,-42.1816,-40.3838,-38.3029,-38.5819,-41.5199,-41.3224,-46.0126,-44.6155,-44.3845,-46.94,-44.9322,-48.3828,-48.698,-47.5285,-50.8446,-51.4341,-53.9738,-54.2576,-49.8089,-58.7507,-56.247,-56.0065,-53.5185,-60.4434,-57.7078,-59.9796,-62.1803,-64.2612,-60.6991,-61.5533,-61.3421
111.37692035275353,35.7425819609688,-1.5012,3.6986,-0.2252,3.5157,0.07,2.9427,1.9946,4.2562,2.9065,4.6306,3.775,1.2552,2.8106,3.4602,5.5408,5.5315,7.1893,3.7122,6.7832,2.3805,4.8831,5.1823,8.1919,5.965,4.3801,6.812,1.2891,6.3522,6.4358,10.7499,8.8918,6.5976,10.724,4.683,11.0406,8.3782,8.5539,8.3721,13.5183,8.0196,13.9817,10.1811,12.0897,9.3295,13.1003,13.1464,13.6137,11.9906,14.5064,17.21,11.8128,15.044,15.3741,16.3899,21.2426,12.6647,16.5221,16.2548,19.4141,20.9186,19.9429,19.4727,21.7306,19.0481,23.6465,24.508,20.6845,23.6063,23.9579,26.0812,28.1848,25.9832,27.7793,27.5011,26.2754,28.2717,28.3561,29.7697,30.4597,29.1805,32.4412,30.2938,29.3178,33.1076
112.14636804728144,35.60479774831825,4.2222,1.2612,5.1306,0.5084,-0.9165,-0.8018,0.1931,1.5104,-1.5023,1.6199,-2.5078,1.6003,1.1316,-2.5526,-0.9494,-3.186,-3.1792,-0.8015,-1.0041,0.5039,-7.1874,-4.3908,-3.5654,-3.2108,-4.8485,-2.4919,-9.4223,-1.7847,-7.0383,-9.5849,-7.7532,-10.0458,-8.8713,-5.8138,-9.847,-5.9733,-9.2836,-7.7966,-8.232,-8.6262,-11.4324,-10.576,-15.2499,-10.0894,-13.4809,-14.3584,-14.9349,-12.7396,-15.989,-14.022,-15.1896,-15.1952,-16.7889,-16.1596,-17.6285,-17.0582,-16.3503,-17.6468,-20.0902,-19.0294,-22.924,-20.517,-20.7607,-22.8444,-19.8464,-24.3463,-22.8723,-23.6785,-22.4862,-27.9011,-26.7109,-28.2015,-30.6692,-25.4904,-28.3706,-28.9027,-31.8586,-30.5326,-31.306,-32.6988,-32.7623,-33.5675,-31.6387,-33.5592
112.78741901992449,35.42491817195413,-0.1898,0.0355,1.4865,6.1246,-1.4874,3.3141,1.069,1.9447,5.0645,5.7069,4.7077,6.016,9.3941,1.4033,4.7697,9.1647,6.886,4.5295,11.4576,6.2443,8.0735,5.0643,10.6132,8.7129,11.734,11.7161,12.7725,10.9176,12.61,16.5479,12.8299,9.6415,13.2499,12.5499,12.3311,11.4732,13.8831,12.2587,13.2545,17.5348,16.7108,14.6156,16.7111,17.3659,15.3002,16.6828,19.1255,14.0268,12.3895,17.5468,15.2538,15.737,16.7802,14.2658,17.7997,17.4495,16.5807,19.0325,14.1726,17.2536,14.6663,19.9609,20.2706,19.4437,13.6332,19.0862,17.7025,16.9807,18.7517,19.701,14.4595,19.912,14.9002,17.9896,16.231,21.2061,20.3895,15.5501,14.419,16.9609,15.2381,18.0609,11.8969,16.136
111.98559481542642,35.77443798406672,16.7248,17.9132,15.8997,14.0825,16.5085,17.2403,15.0553,16.3066,17.1261,15.1447,15.9506,15.571,14.152,18.3181,13.5175,15.3314,15.3745,14.9655,19.1324,16.8216,12.8206,18.8472,15.3046,19.6279,16.4422,15.579,16.6042,14.8783,16.5209,14.7383,16.1694,14.8766,18.3654,19.08,19.2231,17.2045,17.1039,15.4714,18.3535,20.9498,19.1771,20.2849,22.1687,21.8747,18.5754,22.9432,22.3421,26.6668,24.9061,24.3835,23.6185,27.1577,26.9395,29.4492,27.7874,29.2181,29.0675,33.7577,30.3598,31.2464,32.4955,33.0184,31.4464,35.8222,36.0163,33.7518,34.4489,38.9303,36.6846,35.2475,38.3092,39.2879,42.6661,40.8015,42.528,41.6939,44.7557,46.2538,48.5466,45.314,47.8309,53.1135,54.6835,52.0052
111.60189181275767,35.40932020227419,-4.9122,-6.9697,-4.1818,-4.3081,-5.3759,-3.5091,-4.1349,-6.7803,-7.0911,-3.4514,-7.625,-6.6578,-5.5126,-2.9044,-3.9948,-4.0754,-5.6099,-8.0695,-3.5178,-4.7285,-6.2671,-6.9944,-4.4955,-4.2407,-9.7009,-7.4689,-6.7597,-6.1727,-4.9693,-1.3948,-5.0248,-5.5738,-5.2358,-6.6432,-4.958,-4.7489,-4.6254,-2.6262,-6.2716,-3.4016,-3.2149,-2.3828,-2.267,-4.3238,-3.4399,-4.5858,-5.3645,-4.5888,1.1846,-4.9409,-2.4175,-2.0553,-1.2286,-2.4613,-0.2032,0.6452,0.5945,-1.454,-3.67,0.7152,3.8321,1.6533,1.144,3.2332,2.9585,-2.1164,4.3453,3.2071,1.0639,0.8925,-0.7861,4.8284,1.2006,5.0656,3.3706,2.9114,4.6597,6.2249,5.8417,5.5854,3.0776,9.3934,7.5493,7.8173
112.51994812055663,35.26257332842012,9.2209,5.8321,5.804,8.2607,7.2109,5.3546,11.6501,11.2211,10.478,8.1482,8.8975,8.6364,10.0618,8.7444,8.8225,10.6419,13.1194,9.6523,12.4352,7.6504,8.4645,11.1867,7.5636,8.46,12.481,12.2886,10.2658,10.6623,8.7915,7.7075,10.7728,10.3508,11.2505,10.857,10.2305,7.6306,13.2909,11.5915,10.1802,12.3465,10.8149,7.7619,9.8581,11.0764,11.0293,10.8265,12.5351,11.4716,11.3442,14.1423,12.2897,10.8951,11.5396,13.4346,11.0201,10.7664,9.3803,11.845,11.6228,10.9965,14.1429,11.3264,10.5008,8.0565,13.0867,13.2476,10.3059,15.4458,11.4737,10.6937,9.9152,9.2094,8.0312,13.7107,11.4849,14.6152,12.2134,7.424,13.1807,10.2765,13.1149,10.496,12.7195,11.1568
112.12530332848993,35.323371084054685,-8.1263,-11.3099,-12.6709,-10.4458,-9.3922,-7.2288,-10.0548,-8.5353,-7.4756,-11.2081,-5.6606,-5.7664,-9.7422,-6.5935,-5.9725,-7.8736,-5.7659,-5.574,-2.3303,-6.1125,-7.3157,-8.2721,-6.3226,-7.277,-4.4745,-7.0981,-5.4894,-6.8379,-5.2998,-4.2498,-3.6891,-8.6356,-5.0258,-4.215,-6.1383,-2.2166,-4.9847,-5.6735,-5.8922,-0.9551,-2.0538,-5.2623,-1.8855,-4.8976,-2.1712,-3.9676,-9.1265,-3.8468,-4.8814,-3.4821,-3.7116,-1.8263,-5.0872,-3.9198,-5.0904,-2.7279,-6.0303,-6.354,-8.756,-5.5072,-3.5634,-5.1186,-8.2086,-9.0492,-8.523,-7.4057,-4.8806,-6.6007,-8.1907,-9.5556,-8.6541,-8.89,-12.0362,-13.2355,-9.605,-10.5023,-14.4111,-15.2685,-10.7903,-11.3588,-12.4696,-9.9266,-15.1424,-11.7205
112.5465589231713,35.735691679539364,-12.812,-10.416,-12.89,-11.2838,-8.6544,-11.2957,-9.4869,-13.5226,-8.4683,-7.318,-6.0683,-9.8712,-3.1256,-4.7727,-5.6202,-7.6177,-3.6541,-4.1003,-7.1945,-9.2897,-4.6676,-6.1836,-6.5384,-5.5305,-6.837,-7.4121,-1.6743,-4.4458,-5.5217,-5.1676,-6.6009,-3.8235,-6.7607,-7.1569,-5.0568,-4.6239,-5.0702,-6.5875,-6.4929,-6.1316,-6.9266,-3.8638,-7.4398,-7.9377,-5.6984,-6.6081,-7.3748,-9.1559,-9.7387,-7.0951,-7.8347,-10.0915,-11.1336,-11.5828,-12.5353,-8.763,-9.4073,-14.6402,-10.3363,-15.0281,-12.2538,-13.2427,-13.3166,-14.0024,-16.1382,-13.3374,-18.4946,-17.3623,-17.4422,-22.5204,-22.6289,-23.1673,-20.4998,-23.3255,-24.4447,-23.7926,-26.7116,-24.2434,-27.9553,-28.2043,-33.1887,-27.4506,-30.4828,-27.7543
111.92214487125369,35.62582635028748,-7.5745,-3.8423,-5.6978,-1.7402,-4.1222,-0.3966,-3.4502,-2.3176,-1.6696,-0.5043,1.5947,-0.4262,-2.5711,-1.6097,2.0636,0.5296,3.1769,0.6681,-1.2537,1.6362,2.2047,0.2375,-2.8139,1.1348,3.3071,0.039,2.5382,0.6924,1.7856,0.9023,1.6901,3.7588,0.9514,1.9827,1.8896,-0.2425,-1.4164,4.6806,-1.1334,1.4858,0.0257,2.3891,-1.2368,-1.7104,-0.5527,1.4129,-0.5498,-1.3343,-1.5178,-1.8272,-1.5985,-5.3156,-5.8106,-4.5364,-5.3441,-9.9557,-3.6976,-3.9827,-8.0824,-4.878,-10.6426,-10.1814,-9.5299,-9.7783,-12.1151,-8.8992,-13.412,-12.6196,-13.2608,-16.2394,-14.8318,-18.2458,-12.9733,-19.247,-17.6136,-19.6239,-20.4114,-21.4381,-25.4745,-21.289,-21.8062,-26.4851,-26.9937,-26.3621
111.97040468413572,35.33809826351528,11.8608,12.5028,12.5863,10.0683,12.1171,10.3311,8.0527,11.5617,12.6329,14.0459,12.8079,11.4155,8.4964,12.6573,13.4149,12.1181,11.7672,10.1949,11.9374,13.3547,12.1549,16.3387,10.8506,12.7275,15.93,16.2077,13.9384,17.1768,14.254,12.1725,15.8656,15.4527,17.7364,11.1372,17.0815,15.3513,12.4149,16.5263,12.0053,14.3808,18.9249,16.6239,18.9953,16.4096,17.0004,18.8226,15.9974,16.0385,15.9866,16.2563,17.7493,20.202,17.8825,17.8052,19.8393,20.9106,20.2218,18.3175,20.6472,20.0508,23.1145,19.7579,20.3301,23.1737,21.5991,26.4739,24.8413,22.9827,23.7276,22.7635,22.1463,23.05,25.4247,25.7573,23.5991,24.3827,23.6354,24.161,26.093,25.9371,26.8862,28.815,26.6456,29.5502
112.59738473902053,35.706291254366725,-3.327,-3.7251,-2.1017,-1.7874,-3.1143,3.6367,2.1005,1.9322,-1.4693,4.6043,4.7979,7.0616,5.3939,7.9015,8.8554,8.4473,8.8231,6.3979,10.9927,6.6733,8.896,13.7301,16.3789,10.0964,16.1778,11.5951,13.6851,12.9426,13.0364,17.5709,17.4026,18.9935,17.5631,20.7054,16.5908,19.7955,17.9964,20.4549,19.6999,17.3484,20.6595,20.9352,19.1454,18.0127,14.9032,16.8927,18.8647,19.6826,19.7627,17.9988,16.0322,16.5345,17.8744,21.4225,20.2244,16.4357,19.3296,15.8442,18.4253,18.824,16.9687,16.2293,15.5822,15.6349,11.3483,16.5252,16.8672,11.684,12.5315,11.5323,14.2115,14.3434,14.4426,11.8404,11.2265,11.7209,5.4402,13.6078,11.8492,8.1509,6.6738,3.7415,7.4266,5.5893
112.72952400594761,35.58742738506954,-14.0081,-13.4392,-12.195,-14.3768,-13.2438,-9.5323,-10.4873,-10.5759,-12.1288,-9.0732,-6.8375,-11.574,-6.2159,-8.4641,-10.1996,-9.4969,-6.3786,-11.6307,-8.3606,-7.3391,-8.2831,-6.828,-3.5543,-7.3835,-3.4753,-9.9094,-5.8982,-7.5669,-3.852,-5.2814,-2.7218,-4.312,-3.8233,-6.0197,-7.157,-3.09,-3.5188,-5.5945,-4.976,-5.9929,-6.5356,-4.736,-7.6436,-4.3249,-9.2573,-8.4076,-7.6217,-5.4004,-5.7446,-8.2802,-8.1901,-5.2514,-5.2542,-7.7682,-8.1857,-7.3776,-4.727,-13.2434,-8.7642,-9.7545,-11.3794,-9.2752,-7.4842,-8.5873,-8.2477,-10.7493,-8.8307,-12.0296,-11.9592,-12.9289,-13.6656,-8.8691,-12.2,-13.6527,-15.1828,-16.9479,-10.0619,-14.4794,-17.3565,-18.6693,-18.2074,-17.5501,-17.153,-17.8837
111.68980176392338,35.93087923524367,-8.2058,-9.1939,-9.9652,-4.8349,-7.9773,-3.9618,-4.3605,-3.7284,-3.5839,-3.786,-4.0308,-1.7738,-2.7077,0.7028,-1.3578,0.3282,-0.6925,1.939,1.8267,1.1351,2.0173,1.2089,2.4268,3.9624,3.8466,4.6935,3.1505,6.3016,2.1591,6.6788,8.8217,6.0347,8.3908,6.1994,5.32,8.0724,6.0237,7.4461,6.0774,9.578,9.5161,7.1065,8.2762,8.4503,6.85,7.2258,10.3923,7.7439,8.9225,7.0668,4.3789,5.9895,9.449,6.7084,9.4719,5.3433,11.4765,14.0358,3.9328,7.4017,6.3715,9.4452,10.0742,9.0178,7.4865,6.6482,3.7827,6.9145,10.2901,6.0662,6.6139,5.6973,3.5299,6.514,5.0648,3.6418,2.43,4.8774,4.6118,3.2025,-2.2948,1.3218,1.2767,-2.259
112.23196770674306,35.944804705691276,11.6417,13.5984,12.676,9.2887,12.6799,10.2855,5.5744,5.7062,6.5798,3.8028,2.7575,3.2071,3.6075,0.9262,3.2389,1.4231,2.0141,-0.4516,-3.0953,1.1264,-3.3872,-2.2244,-1.5544,-6.7181,-5.7857,-3.61,-4.5249,-5.676,-3.9818,-4.204,-4.1509,-5.2054,-7.6366,-6.6146,-8.3547,-6.4815,-6.9368,-6.6151,-9.4109,-5.7116,-6.9486,-8.6882,-2.6597,-6.9712,-7.0744,-8.8858,-8.8829,-8.6076,-6.8891,-7.0484,-6.8305,-7.0383,-8.8605,-8.8545,-5.301,-3.3695,-4.451,-7.3135,-8.9357,-7.2434,-8.0439,-2.3727,-6.075,-5.8842,-3.9424,-7.8237,-4.974,-0.5119,0.7977,-2.3899,-2.8737,-2.5295,-3.1933,-2.5392,-1.3569,-2.3229,-0.5137,-0.2609,-0.0179,2.9011,4.1412,1.2931,6.1576,5.2021
111.97466040322914,35.436445170859365,-8.283,-7.4875,-7.7691,-4.6872,-4.6272,-2.354,-6.5515,-4.1547,-2.3597,-3.3733,-6.0498,-3.037,1.9063,0.4406,-0.4831,-0.6161,-1.9132,1.5374,-0.0798,3.7282,-0.6163,3.7282,1.3538,2.2038,1.7208,0.9931,4.0064,0.8214,1.857,5.7771,6.8243,4.9248,6.5515,4.8572,4.0775,4.477,4.9765,5.4752,6.3367,6.5276,5.9161,3.888,4.9913,6.5077,3.8886,3.4072,5.6896,4.3959,5.7256,7.7438,5.4423,5.053,6.7182,4.9863,5.6202,6.7567,5.8714,5.7719,0.1211,4.3282,3.3716,7.7419,7.1664,4.0005,4.3076,0.3359,1.4054,6.482,6.299,8.6262,5.4441,4.0231,1.5519,1.8617,4.3181,2.9593,1.9854,0.3601,-3.67,-2.4488,-0.8721,-0.9053,-0.1024,1.0596
112.4627052586107,35.339089366075385,8.1734,8.4653,7.9779,5.7205,7.1846,7.7935,3.6242,6.0875,4.5687,3.3389,4.4024,5.8264,3.9912,5.1147,4.4985,4.383,1.4284,1.3184,4.5956,4.2546,1.9645,2.7754,-0.546,2.5656,-3.5148,1.994,-0.6704,-3.3979,-0.2484,-2.1607,0.116,-0.6235,1.3068,2.1488,-2.208,-3.2699,-2.2557,-2.552,-1.1765,2.5749,-4.5347,-3.2384,-2.943,-2.93,-4.2873,-2.0975,-1.244,-2.7525,-1.0868,-2.5447,-5.2844,-2.1784,-1.278,-1.4408,-2.1868,-4.3001,-4.4914,-4.2667,-4.4861,-5.054,-3.2617,-3.2124,-5.8137,-5.395,-2.448,-3.1269,-4.952,-3.0472,-2.1517,-1.4029,-2.1451,1.262,-2.5217,-4.1698,-3.1121,0.8896,-1.2342,-0.5808,-1.1344,-1.3808,-1.9269,-1.3212,0.4422,0.9268
111.62697176728545,35.394876865665736,15.1859,17.849,18.8108,16.6343,18.3855,15.9141,15.5928,16.4886,12.4657,14.7368,11.342,12.5194,12.9517,11.7496,11.9272,10.1065,12.3979,9.2716,9.5238,11.0901,11.8389,12.2076,12.2523,8.2501,11.8567,12.4822,10.8353,10.3293,8.0307,7.8956,9.983,12.7391,9.7265,11.8611,9.7531,12.4589,7.9778,12.9332,9.0366,10.3571,9.3006,10.9367,10.8504,10.7033,8.7529,11.7352,9.2307,11.6104,12.0951,10.9735,15.7553,13.8222,15.4721,11.0891,15.8396,11.8206,21.8734,16.2575,13.8739,15.6401,17.047,16.5533,18.3929,17.5894,19.698,20.3002,18.4172,17.9693,20.1436,21.401,19.0509,24.121,22.3946,25.8151,20.5901,26.6685,25.9155,23.9439,31.9876,30.5794,27.0608,28.9927,30.2641,31.2737
111.98542393468601,35.94499075694493,0.7127,1.4702,1.4614,-3.5404,-1.7295,1.3253,1.9932,3.8954,1.4135,1.4098,4.1228,4.5749,-0.1194,-1.5875,-1.6226,-0.5076,-2.9852,0.9673,-0.9695,-2.6561,1.335,1.214,-3.4658,-2.7415,-2.0288,-0.6627,-4.6323,-5.0774,-3.9315,-6.6308,-4.9652,-7.2014,-5.9502,-4.6537,-7.1032,-6.3351,-3.7201,-6.621,-6.5875,-8.3271,-10.8286,-8.5513,-9.59,-9.2848,-11.2271,-10.4874,-9.2423,-12.7508,-11.4916,-11.9902,-16.5279,-14.2351,-13.7816,-17.502,-16.4794,-19.2675,-19.4091,-22.0454,-15.132,-18.4973,-20.4321,-22.1371,-23.1773,-24.7914,-21.6709,-25.4966,-25.8852,-25.3429,-29.5435,-28.6572,-28.5283,-27.9074,-28.05,-29.6831,-31.7527,-34.156,-36.1923,-34.9715,-36.331,-33.4459,-37.939,-38.4948,-38.321,-41.7083
111.90645295347964,35.92097349431414,-5.8336,-2.0418,0.5545,0.2652,-0.2825,1.0873,0.0696,2.3041,1.7238,0.9855,3.5639,3.4794,7.4911,1.5759,3.5252,3.6134,5.1536,6.8245,3.8167,4.5939,6.4358,3.4179,6.4155,8.6119,5.6857,11.5309,6.853,7.271,9.0052,10.7028,9.3168,11.3892,9.2607,8.8523,7.829,10.4801,9.2642,6.9078,12.3233,8.5127,9.4387,7.976,13.1394,9.1143,12.7347,10.7825,9.8888,12.5715,9.5532,11.6921,9.0323,12.177,11.0251,12.1115,8.8431,11.3667,12.1114,10.3372,11.4003,8.6456,10.6555,9.1843,7.6808,7.1316,11.3323,8.0981,9.8449,9.1035,8.3046,8.6849,7.9257,5.7699,12.5465,6.7817,6.424,7.3955,4.1191,5.1805,4.8312,6.26,5.9783,2.9835,5.9462,4.2094
111.26382440369254,35.619140379835564,4.5834,7.8215,2.2349,2.0668,0.5853,2.2859,2.8076,0.83,-0.8639,-0.6521,1.3739,-2.4566,1.3192,-3.0468,3.3612,-1.4726,-0.4431,-4.8807,-2.5423,-1.7601,-0.5872,-2.0412,-3.6811,-2.0535,-4.9921,0.4282,-2.1084,2.1525,-0.4368,0.3785,-2.6389,-2.3399,-0.6828,1.172,1.7467,-1.8768,-0.389,-2.1074,-2.0318,-2.6393,-0.9815,3.1706,0.9021,4.7206,1.8459,3.6988,3.8533,2.6393,7.6756,7.0968,7.595,5.4782,4.623,4.7735,6.3348,8.1895,9.3391,10.8812,12.2921,13.169,14.1338,14.189,14.091,12.312,16.1757,16.2792,16.234,19.421,21.9908,21.2297,19.9285,19.0396,22.5044,22.6343,25.3513,26.287,24.4953,28.3636,30.6627,32.0454,33.7199,33.6116,37.3109,34.9598
112.65577315902219,35.40162937910848,-2.1503,0.2932,-3.3726,-3.8823,2.2186,-2.6798,-0.1839,-2.2163,1.3473,1.2135,3.2092,-0.0613,4.314,3.9213,-1.306,1.4842,2.9816,3.8592,3.42,4.4225,3.905,7.272,5.6106,4.9505,7.9754,7.3142,4.5678,5.4731,5.1839,10.2872,6.9106,7.0406,6.5419,5.52,11.4678,7.7987,10.7649,10.0661,12.5044,11.0189,12.9219,13.5925,10.1068,13.5716,12.7561,16.4596,15.9669,14.8771,20.7851,14.924,16.403,16.495,15.265,19.8777,20.1351,19.2808,20.5265,22.2756,21.1234,21.6054,20.0226,22.5644,20.2291,22.3821,24.1458,26.5817,23.7164,24.6776,27.2601,27.358,27.5546,28.4661,27.7412,29.4536,28.6979,31.9245,26.8759,32.5781,31.9296,31.6972,31.5605,33.057,36.2041,35.4055
111.69940704278878,35.42873820376838,-19.9258,-19.5258,-17.749,-18.9618,-14.4972,-14.6565,-17.2024,-11.7899,-15.8435,-14.2547,-11.2156,-10.1169,-10.0875,-9.2389,-7.5123,-7.1063,-7.5901,-7.4108,-5.8886,-6.0919,-4.7677,-5.4107,-3.9109,-4.2217,-3.4344,-5.7413,-3.0187,-2.2036,-0.5502,-1.9433,0.4174,-3.6341,-0.8185,-0.6581,-0.6808,-1.3449,2.016,-1.1421,-1.5295,2.6544,0.1197,2.7101,3.2918,4.27,-0.496,1.7717,0.0063,3.2716,2.3078,0.641,4.9882,2.5977,4.7568,5.9282,3.6419,3.9682,3.7987,2.4461,3.6849,2.8657,-0.1293,-2.1454,-1.8001,0.6385,3.1332,3.9387,-0.2479,1.4257,1.5308,0.185,-1.585,-3.2492,1.1305,-1.2639,-1.064,0.0537,-2.4019,-6.9117,-3.0276,-4.9258,-3.3933,-6.0761,-5.5324,-9.2062
111.54483669697726,35.618157311268796,6.8789,4.7153,5.0553,4.0317,4.8295,4.0562,4.6598,5.9646,3.9929,2.4811,2.2274,0.2914,3.0505,2.8951,2.4979,-0.9119,-0.9392,1.001,-3.3998,-2.1928,0.7613,-3.6877,-2.1278,-6.5765,-1.6957,-1.1879,-5.6869,-5.6931,-5.8127,-5.0838,-2.5288,-5.4406,-5.4264,-10.2717,-5.7126,-2.0418,-5.5346,-8.0966,-7.351,-5.6793,-7.9606,-7.0227,-6.9597,-12.0167,-8.795,-9.93,-9.9824,-9.9992,-7.2101,-7.1555,-10.3408,-8.295,-10.7661,-11.5879,-13.6035,-10.3867,-9.3948,-12.626,-11.7822,-10.056,-8.6326,-10.2761,-12.9493,-11.3483,-13.3595,-9.5253,-10.8663,-10.5803,-9.752,-15.1845,-12.0761,-9.9415,-11.8684,-11.0585,-13.9534,-9.1387,-8.552,-14.0618,-14.0672,-10.0674,-11.3234,-11.4478,-10.8827,-14.9572
112.48691657335976,35.652786510099524,6.0998,5.473,9.3319,7.2056,5.1241,6.1696,2.2013,3.2735,3.2878,4.1214,1.6391,0.7146,3.8606,-1.3094,-2.957,-0.7311,0.1114,0.9588,-6.0417,0.3948,-4.6586,-2.5734,-2.0712,-4.7639,-6.871,-3.5291,-9.9675,-6.2473,-8.8251,-9.189,-8.2348,-10.7995,-9.0331,-11.6305,-9.9543,-10.9451,-12.3435,-9.3196,-12.6962,-13.27,-10.5923,-15.5714,-17.2216,-11.7461,-18.712,-13.3803,-18.7734,-16.7266,-16.9904,-18.7694,-20.7603,-18.8365,-20.172,-25.5905,-23.2672,-21.3629,-22.1265,-22.0523,-25.2721,-21.5385,-27.0776,-23.1546,-25.5209,-28.779,-26.2818,-27.159,-29.4998,-30.1177,-30.3821,-27.5884,-27.8117,-31.1657,-31.9754,-29.3725,-30.2334,-32.0843,-31.749,-33.0665,-33.364,-33.3062,-36.3077,-33.4712,-32.6957,-35.1854
111.2657301700757,35.58067602624316,-3.2206,-0.3963,-2.5353,-1.4621,-4.9636,-2.9457,-2.2056,-7.6401,-1.6689,-5.046,1.366,1.371,-3.5603,-3.9498,-3.7076,-1.1094,-1.4849,-3.2016,1.1201,-3.4876,-2.9975,-1.3534,-2.3092,-3.6437,-0.1688,0.4139,0.2252,0.5094,-0.8501,-1.7896,0.741,-5.1086,-1.7031,-4.8179,-1.2236,-2.3499,-3.4777,-4.2151,-3.8457,-3.0727,-5.1642,-3.4263,-6.5215,-6.6053,-2.2917,-6.471,-6.356,-6.4734,-7.6791,-7.5196,-6.1067,-7.5883,-8.596,-5.5027,-10.5311,-5.5476,-7.2566,-9.4351,-10.9177,-12.2666,-12.8564,-9.753,-11.1059,-15.892,-12.716,-14.424,-16.1169,-15.8572,-18.6033,-14.9131,-16.0939,-16.2434,-16.2995,-18.736,-21.741,-19.813,-21.889,-21.8618,-23.8572,-24.0045,-22.3602,-25.7544,-25.2283,-25.7092
111.3992221030684,35.615912680687636,6.3102,4.2608,5.4377,2.9865,1.2057,-1.29,5.0293,1.5095,-1.2978,-1.6846,2.2422,0.8652,-0.5021,-1.164,1.1182,-0.0861,-3.4608,-1.2846,-0.2687,-0.0338,-2.5924,-1.2505,-0.3996,-4.1388,-0.3639,-1.403,-0.154,-0.3718,-2.1051,-3.0234,-3.0505,-2.5007,-1.9929,0.5715,1.703,0.0922,1.0565,3.8682,0.919,3.5967,-1.0592,0.9058,1.3685,1.3397,-0.0776,-0.2112,2.5681,1.5006,1.3718,1.234,2.732,4.4701,2.9481,2.9979,6.8649,4.5689,5.7548,4.9623,5.7823,8.4295,5.88,8.1145,10.0498,8.7937,7.927,8.9601,12.8885,12.2896,11.8391,13.9103,13.1869,14.7003,16.4755,20.421,15.3461,18.4404,19.6404,20.2388,21.4602,20.5919,25.0961,24.388,23.6332,25.1647
112.1830364742591,35.391397114867324,-5.8059,-4.806,-5.8483,-4.597,-4.1908,-3.9528,-2.8902,2.9899,0.6872,0.1398,1.6636,4.1771,4.4925,3.4305,4.9604,5.5694,4.8074,2.3092,8.4351,6.3026,4.3435,9.2382,5.5181,12.8336,8.595,9.0727,8.7165,9.2294,9.0728,9.2685,10.6912,12.6789,12.2288,13.8503,10.2946,14.6854,10.2251,12.1925,13.2947,18.8479,13.6098,15.5635,16.3722,12.8117,15.7705,13.4429,15.824,17.9197,14.8147,17.4628,17.98,16.1212,16.8374,19.4284,17.5865,18.6545,17.75,17.9974,13.2807,17.7928,19.0917,18.7014,18.3992,17.5121,18.5322,16.5828,15.5625,14.3915,17.2277,15.5489,16.1627,15.6771,16.6496,14.6113,15.2129,12.2656,16.2915,14.092,14.4676,15.7554,9.8596,13.0945,12.843,13.2937
112.31936408710096,35.528857566074436,4.1441,6.3195,5.1705,4.2665,6.9568,2.4627,6.4264,4.9204,7.3089,2.2478,5.0555,-0.1107,2.8589,3.7687,1.734,1.9627,3.0037,-0.6248,-0.3431,-1.1068,-1.6377,2.5376,1.3057,-0.3872,1.1581,-2.3437,0.9919,4.0842,-0.937,0.0175,-0.065,-1.4804,-2.1235,0.2706,-2.7026,-1.5239,-1.9128,-1.0508,-1.3081,-0.976,-0.7474,0.6698,-1.3835,-4.2895,-1.3498,-2.3311,-1.145,-0.4293,0.5485,0.0842,-1.479,2.4177,-0.1603,0.2829,1.7022,4.9182,1.1536,3.22,4.9313,1.8954,3.2328,6.1264,4.381,6.5182,5.3757,5.8073,4.6862,9.1008,6.3994,9.7222,8.1616,11.7964,8.9691,10.121,13.4597,11.6724,12.8513,11.3891,16.479,15.5914,13.1733,14.8926,15.7898,16.0814
112.19295176563955,35.708596624633344,-3.7945,-2.9305,-2.6872,-2.333,-4.4586,-1.6842,-2.1089,-0.7915,-2.1901,-2.8345,-0.9536,-1.5775,-5.0775,1.0163,-1.5038,-3.8562,0.8963,0.1213,-2.7022,0.7911,-0.8822,1.5855,2.3106,1.0863,2.6534,2.5329,0.6223,6.7964,1.3289,6.3694,4.5162,1.3491,3.1196,3.8386,4.4445,8.663,3.5419,3.5499,6.5937,5.7306,4.383,6.749,11.1512,10.302,6.4527,6.7913,11.5359,9.9837,9.1185,11.3645,14.6997,6.0361,9.9754,11.4659,14.9772,13.8122,13.9758,12.9628,14.1583,19.5262,15.3818,14.2668,17.8839,19.0015,17.6627,17.6799,16.634,18.6201,18.5834,19.731,20.6643,23.1465,19.4831,19.4083,24.114,23.3653,25.4207,21.6427,27.1848,25.2412,26.0515,28.2021,23.7915,32.6789
112.49202525732869,35.6803415303173,15.6183,14.1624,14.7756,12.7089,13.9903,12.4236,11.918,8.8484,8.6016,8.0304,7.4802,10.6272,4.7059,9.5046,4.9706,2.164,6.0293,1.9913,2.5417,2.0952,5.2454,0.1956,-2.5976,-0.9577,1.3081,1.0233,-0.2914,1.7993,1.7074,-1.9322,-3.7236,0.3457,-1.9891,-5.3744,-5.58,-0.7128,-3.7775,-5.3101,-3.1356,-2.7942,0.911,-2.4601,-1.2112,-4.8886,-5.0069,-5.4724,-4.4898,-2.6343,-2.6585,-0.6925,-2.7637,-2.982,-2.8295,-3.0039,-1.6575,-1.0709,-3.1561,-2.2031,-3.9046,-1.4992,-0.2278,0.864,1.6924,-5.5661,0.7569,2.1603,-2.8582,2.7907,0.7535,0.5444,0.6043,0.4578,4.4498,1.6817,1.4,5.0852,3.6766,3.9035,7.7444,6.8112,6.9351,7.4123,7.951,9.8429
112.75509228368976,35.44946679578614,-10.6081,-11.3252,-8.6733,-12.9294,-9.5648,-9.8754,-8.1832,-10.3727,-7.4326,-9.2931,-13.8756,-9.3801,-6.3178,-7.6808,-7.9788,-5.9179,-9.6653,-7.4965,-5.5387,-6.7857,-5.9472,-9.4037,-8.2219,-7.1129,-7.084,-8.114,-9.3815,-8.5336,-6.0752,-9.9116,-10.8014,-8.2579,-10.2165,-9.1231,-9.1893,-9.9139,-12.6654,-13.0671,-11.869,-12.7214,-11.4105,-12.1687,-14.0121,-14.0109,-19.7912,-13.9213,-16.0771,-14.3163,-18.7858,-18.3661,-17.3905,-20.2451,-18.8797,-20.9529,-23.3841,-20.8315,-23.8857,-26.3435,-27.0448,-29.8841,-26.5054,-28.4277,-31.751,-29.1242,-31.6088,-29.2729,-33.1642,-33.5201,-37.7286,-38.4307,-38.0155,-36.2385,-40.307,-42.1627,-43.5449,-47.9178,-45.3836,-47.8803,-49.0081,-51.589,-53.9695,-55.088,-54.4817,-58.9675
111.24728894842815,35.67140870021896,16.8781,12.7489,13.287,11.6746,13.4516,7.0684,9.0177,6.7922,7.4913,2.5885,4.9283,6.7205,6.2939,3.6818,0.4914,1.4064,-0.2777,-1.7673,2.6355,-2.7621,-1.1431,-5.9003,-2.6523,-5.7472,-3.4467,-8.577,-7.9798,-4.9724,-6.1614,-9.5833,-7.5808,-11.124,-10.381,-8.3161,-10.6505,-11.2079,-12.5384,-11.4233,-16.3696,-14.2232,-14.1531,-15.4287,-11.7684,-15.8643,-13.1294,-12.7834,-14.9677,-13.5567,-15.8716,-14.7797,-14.0818,-16.5128,-13.5678,-18.6256,-14.9558,-14.4276,-12.5244,-15.913,-16.474,-15.7645,-18.879,-17.7844,-16.085,-15.3541,-14.9386,-17.9424,-12.9224,-14.3696,-13.8767,-17.1624,-15.2228,-14.7159,-15.2125,-13.2944,-13.7306,-14.8354,-14.7724,-13.2392,-8.0425,-12.7427,-10.3309,-9.0674,-9.9943,-8.226
111.22388149551756,35.57082511729612,2.1217,3.6379,0.0613,1.8673,0.3855,-0.9726,-0.2222,-4.9403,-4.4899,-3.8739,-3.6182,-4.4645,-9.4635,-9.2569,-7.0161,-12.9777,-11.4371,-10.0262,-13.3208,-12.5897,-10.1422,-11.3827,-16.4252,-13.2857,-16.4951,-18.7855,-18.8469,-18.2171,-18.6592,-16.0198,-20.2193,-18.3128,-19.9854,-18.853,-19.7215,-24.1339,-18.1429,-22.6715,-22.6393,-22.3743,-18.5136,-19.0365,-20.1369,-20.2132,-24.4263,-21.2525,-21.0357,-20.9929,-22.5174,-20.832,-23.314,-23.6097,-23.2987,-24.1867,-24.8615,-23.3233,-23.7646,-17.15,-23.2873,-20.2909,-24.7459,-19.1612,-25.0561,-23.3037,-18.6238,-17.8333,-19.1892,-19.7583,-19.0495,-17.0012,-17.615,-16.2081,-17.3731,-13.3445,-15.7837,-16.1952,-17.0606,-15.1152,-9.6657,-9.6242,-12.9103,-13.2745,-11.246,-10.2252
112.5008984146964,35.2686435386148,-4.2808,-5.9899,-5.5086,-5.11,-3.4675,0.3499,-2.2864,-0.2649,-1.1285,0.4652,1.7823,2.4197,0.3155,2.8131,4.893,4.3059,3.8144,2.5673,6.7557,8.3907,8.5374,4.3399,8.9276,6.047,4.8729,7.8784,7.2286,8.0453,10.404,8.7977,10.3006,8.2998,7.7846,10.1851,8.9937,12.1715,11.5502,11.2246,13.669,10.0276,10.8188,10.6558,8.7855,10.2113,7.6961,10.6891,12.8366,10.088,9.8597,9.422,9.1563,7.537,7.9469,9.852,5.1493,5.2246,7.7877,4.9669,6.8345,7.33,5.7288,7.6116,6.2855,5.9985,7.7899,4.1661,2.2664,4.677,4.981,5.5846,4.6644,-1.7807,1.6836,-1.5585,2.2317,1.0797,-0.5495,-1.732,-2.6282,-3.2605,-3.3547,-4.5246,-4.5292,-6.29
112.07017989007159,35.53707011488682,12.2273,11.8387,7.6259,8.0133,5.5879,8.1922,5.4979,7.2359,3.6926,3.4803,4.1156,5.0911,8.9409,5.0097,2.1111,6.1817,4.1631,2.9684,3.9065,0.4429,-2.3102,0.5326,-1.4623,-1.139,-1.8906,-0.1773,0.665,-2.8227,-1.6208,-1.0644,-1.4841,-3.3092,-2.0424,-3.7658,-1.5288,-2.5617,0.1799,2.9487,-2.6531,-1.2608,0.1297,-3.3699,1.0727,-1.2155,0.0749,0.8939,-0.6739,5.6923,-1.2439,-0.5211,0.0937,0.6414,0.4421,-0.1971,0.7825,2.261,2.7103,2.7551,5.5232,6.3596,8.0086,4.2292,5.7132,8.329,4.3835,6.1531,11.168,6.3729,8.2906,11.2908,12.6065,10.6996,11.8521,14.0228,17.2788,15.0483,15.7901,16.3683,18.6492,20.5457,21.6141,22.6578,19.0663,20.5335
112.65050418165539,35.42662247663688,-1.5338,-3.3176,-4.3514,-3.559,-5.6682,-6.6541,-3.4369,-5.5043,-5.4565,-6.4471,-7.1714,-10.734,-7.4155,-10.4935,-11.8144,-11.9954,-12.2454,-12.806,-13.5157,-17.1788,-12.9325,-13.7406,-18.4918,-14.3839,-19.0762,-18.7432,-17.0269,-17.7605,-21.5629,-21.2408,-21.0945,-19.3859,-18.6339,-22.6088,-19.9605,-22.4563,-24.9542,-23.4023,-19.5068,-24.5581,-24.275,-28.5579,-28.1063,-28.1675,-28.2655,-30.8449,-29.0754,-29.8362,-31.5614,-30.1667,-30.8554,-31.0006,-35.2551,-31.6556,-31.1364,-34.3179,-36.1844,-32.2965,-35.6714,-35.3844,-38.2252,-34.5843,-36.7648,-39.7607,-38.942,-36.7942,-38.3982,-39.0517,-40.2066,-44.1932,-38.3603,-39.8336,-38.5583,-41.7158,-41.6983,-44.2581,-45.9863,-41.3294,-45.1407,-45.5489,-46.9044,-47.055,-46.456,-44.1129
111.91093286132924,35.40061024924263,20.8858,21.1422,18.7989,21.1683,15.3838,16.3529,14.4018,13.9508,13.4756,11.4003,14.6159,9.1605,11.566,13.275,8.6292,10.8609,8.9432,6.7888,8.4651,3.5548,5.3165,4.5431,4.0557,3.6321,5.4359,3.0754,1.2082,4.1826,0.6544,0.5634,0.6923,2.5828,1.4201,2.3589,1.954,-0.6254,0.9743,1.3347,-0.4306,1.9401,-1.6181,0.5099,1.9861,-0.8436,0.5755,-0.9219,-1.4545,-0.6019,-0.4533,0.9097,-3.0829,-0.5092,3.1424,1.2976,-0.2812,0.0586,4.8242,2.5167,3.0929,0.8663,1.9174,4.6905,4.6858,5.5872,5.4616,6.0514,4.9426,7.6287,7.5054,8.4729,8.9352,9.3459,9.121,10.9768,12.5535,12.339,10.0743,12.162,12.471,17.0279,14.5351,15.7621,15.3812,18.8936
111.28032691275874,35.40284827538242,-4.1662,-0.0904,0.04,-5.6971,-7.2315,-4.3521,-5.1237,-3.4284,-5.0401,-7.465,-1.1306,-4.5695,-6.2354,-6.4081,-7.7368,-6.4688,-5.6349,-12.5328,-5.8547,-5.7078,-8.5711,-9.8407,-6.2861,-9.6,-7.3654,-9.6978,-11.7393,-7.1283,-8.6736,-8.7976,-10.1992,-8.1575,-9.6086,-9.2194,-11.6192,-9.8207,-12.1442,-8.3784,-9.2567,-14.4204,-10.6067,-13.1991,-12.3671,-14.6598,-12.4457,-12.4869,-12.326,-9.0411,-11.5088,-12.7,-14.7365,-15.6927,-12.261,-13.787,-12.9416,-13.8634,-13.511,-13.798,-16.6509,-14.2364,-16.5511,-18.4232,-14.7885,-18.3046,-14.0689,-14.8703,-15.1994,-14.7644,-16.2767,-14.34,-16.7766,-14.7949,-15.8676,-17.5531,-13.6197,-17.5702,-15.4864,-17.4436,-18.1238,-14.8454,-15.691,-16.71,-16.0131,-14.9981
111.72047051443488,35.65185955175274,-10.2249,-10.6065,-13.9349,-9.8782,-10.0031,-9.8687,-7.897,-7.2791,-11.7308,-10.67,-8.1189,-6.7178,-9.2163,-8.5895,-12.416,-12.3268,-10.0178,-6.5081,-8.2705,-9.3737,-8.5189,-5.8373,-5.7838,-8.0736,-8.4199,-8.047,-5.2443,-8.072,-6.7448,-8.5017,-4.9311,-9.2391,-6.6254,-4.8276,-5.1718,-8.8408,-7.9604,-6.7337,-6.2231,-6.4774,-5.6036,-10.693,-9.7582,-8.867,-12.4038,-11.8274,-9.2347,-9.6741,-12.0852,-10.8749,-9.7834,-12.5826,-11.9795,-11.2381,-11.197,-14.0827,-14.0862,-16.1425,-14.5134,-14.985,-16.0293,-17.8659,-16.6715,-21.1363,-16.5359,-17.9609,-17.6779,-19.7355,-20.8279,-22.1486,-24.0763,-25.7824,-21.807,-20.8815,-24.2022,-21.5606,-25.3756,-24.4493,-25.2794,-25.4475,-26.5285,-32.0072,-28.5041,-29.489
111.38413904114053,35.33982696151789,-4.1974,0.2065,0.0556,-1.7686,-0.948,-3.4603,-2.5214,-1.6564,-2.2343,-1.5914,0.4426,0.6109,1.1816,0.7439,-0.4812,2.1546,-0.1719,0.1219,2.6788,0.9737,-1.7328,-3.5004,0.9436,2.1121,0.7469,3.3706,1.9822,2.5391,1.9096,-2.7629,1.292,1.5779,3.1634,0.3029,2.8713,0.0728,2.5499,2.6109,3.7041,7.4692,-0.1179,3.8972,2.0673,5.6863,4.6706,6.4221,2.5208,2.482,5.6074,1.3588,3.4193,6.8131,4.9199,8.0295,6.3499,4.6623,6.6237,5.2984,7.3787,8.2443,7.6773,9.1957,6.5067,9.6034,5.0896,8.8901,11.9798,11.6169,11.3109,8.5114,10.6323,11.7932,12.3905,10.6694,10.9865,10.2537,10.7787,10.9997,14.6275,12.2204,13.0382,15.7389,15.7561,17.0787
112.74553228618151,35.806252665656885,-8.6976,-8.1291,-9.0158,-9.8839,-3.4144,-7.7507,-5.3412,-9.8206,-7.9544,-6.5183,-7.8402,-8.8822,-8.0475,-5.3557,-10.2835,-5.5538,-6.4613,-5.0786,-5.6876,-4.9512,-6.3313,-2.9622,-5.7266,-1.4543,-3.1869,-4.4301,-0.9147,-6.7044,-4.2734,-3.151,-2.8846,-2.9489,-2.304,-3.6019,-3.7507,-2.8133,-1.14,-2.0167,-3.2566,-1.9343,0.3604,1.4812,-1.9582,0.195,0.4843,-0.862,2.5367,-0.6421,0.4085,2.3956,-2.0971,0.8396,1.3541,0.9815,3.968,5.3597,5.3014,4.6078,1.6575,6.4955,2.1685,2.4566,3.9013,7.8721,7.4801,3.5436,9.1669,8.5719,5.2785,5.2696,5.4653,6.8684,6.3908,8.0539,9.6201,11.9422,9.1045,8.7757,8.9334,11.7808,11.7439,10.9897,10.5341,10.3026
112.1092614174443,35.37678829962605,-18.6463,-16.7689,-18.8947,-19.5779,-19.2351,-18.8684,-18.9515,-15.9557,-19.1596,-20.9727,-21.801,-21.7312,-20.6128,-18.4258,-20.7041,-20.0534,-20.7723,-20.4717,-20.1044,-19.0046,-19.2242,-22.5877,-21.1307,-22.1361,-21.4565,-22.0815,-24.6659,-27.3398,-25.7274,-22.1031,-26.6262,-23.0218,-23.5796,-26.8745,-29.1374,-27.0728,-27.8802,-27.6297,-29.8749,-29.4517,-28.7734,-31.2005,-31.8809,-32.2117,-31.9526,-32.8265,-32.7236,-35.6236,-38.7645,-38.2903,-34.7622,-41.6479,-43.5425,-40.0271,-37.5069,-41.6611,-47.9893,-43.3317,-46.9053,-45.0329,-45.4134,-47.4887,-46.1444,-46.15,-51.7372,-54.8051,-50.3447,-50.641,-56.6512,-57.0039,-57.0236,-55.9084,-56.5671,-57.0606,-60.5631,-57.8289,-61.6343,-67.9222,-62.3471,-63.6204,-67.1781,-67.931,-66.5586,-69.7538
112.23762616745469,35.52201335650908,-6.3127,-4.5718,-2.4314,-3.6982,-3.5613,-6.355,-5.8933,-5.0267,-5.966,-4.6959,-5.9509,-3.8382,-2.3523,-2.166,-5.9772,-5.8653,-8.4624,-4.1226,-4.2863,-7.9028,-5.2558,-4.7553,-6.4632,-7.626,-6.3214,-5.7857,-5.3097,-8.4819,-4.9778,-6.3524,-7.4535,-9.2903,-6.4709,-12.1069,-10.0302,-10.7204,-11.9326,-7.8175,-13.9289,-9.3978,-9.5475,-14.5565,-10.9734,-12.8512,-13.029,-13.4789,-16.1393,-13.3681,-16.2687,-15.3141,-16.921,-17.5288,-19.1524,-17.6345,-19.5566,-17.5263,-19.5556,-20.3358,-21.0346,-22.4986,-21.8547,-22.8989,-25.802,-21.8566,-24.139,-25.2074,-26.0784,-27.7268,-29.2124,-24.5364,-26.8992,-28.1495,-31.3901,-31.9531,-31.0013,-29.621,-34.7947,-35.6732,-37.6058,-35.4751,-36.6935,-38.5276,-37.9394,-43.0477
112.60109234850934,35.321445472995634,4.7586,5.0614,10.4902,7.2677,5.2775,9.5349,13.1372,6.3047,9.2165,9.9444,8.3618,7.0977,10.5054,5.4494,10.4965,9.3222,10.7117,12.5259,11.2749,9.1904,10.0536,11.4138,10.1541,13.0075,10.4432,10.7851,13.1299,12.5697,12.2847,12.5016,13.3442,11.0948,13.6518,14.6164,15.6754,13.1979,14.5374,15.7734,15.5306,14.8796,14.0617,16.6655,13.3852,15.009,15.0996,14.2986,14.8565,16.867,13.2993,14.7046,17.1324,15.8899,17.5037,19.1535,19.1845,17.1966,16.2345,19.8219,18.0267,20.7513,19.8002,20.7254,20.6121,23.3528,17.5553,19.2401,19.2413,20.5289,18.4811,18.8478,19.6014,18.0891,22.1574,16.6887,21.6863,24.6919,20.7519,22.6774,22.6333,21.256,22.6624,24.3624,21.5861,21.4371
111.83604478196676,35.906050471165436,13.0444,13.5925,10.8468,13.633,12.5193,11.049,12.4312,4.6112,4.1267,4.8744,5.1879,6.3344,2.0689,1.0514,1.0039,-2.3034,1.2715,-2.233,-6.9903,-6.5011,-6.4567,-10.4623,-10.1792,-7.84,-10.1611,-9.3236,-7.4348,-8.4511,-7.3741,-12.8858,-12.6627,-15.4438,-11.898,-15.2887,-17.545,-17.718,-16.84,-16.7154,-19.4705,-18.5375,-18.1745,-18.8274,-19.6782,-20.1941,-21.1686,-18.2898,-21.6259,-23.3521,-22.4428,-20.3444,-22.1382,-18.3106,-24.0175,-22.4656,-25.5538,-23.4691,-23.6458,-22.3886,-22.5755,-24.5262,-27.3113,-21.7809,-25.3625,-26.2221,-24.453,-25.157,-23.1685,-26.3717,-23.2983,-24.0399,-22.0491,-22.3911,-24.7826,-22.6847,-21.4197,-22.0145,-23.6718,-23.8226,-21.1934,-20.7212,-25.1782,-19.3057,-20.1909,-23.2273
111.9137806733192,35.42081921756157,13.652,13.8557,13.6076,16.2734,11.1272,13.2999,12.8475,11.1891,11.2478,5.6178,12.1539,8.3192,8.3217,4.9724,6.8704,9.4487,8.5275,8.1098,7.4765,4.7363,5.7708,4.7553,7.9412,5.1235,4.9885,7.9534,7.1832,5.5449,6.3235,1.6314,6.8923,4.9428,4.8835,3.1753,6.3281,5.2102,3.107,9.6904,10.3647,5.5767,4.4377,8.4577,7.7803,5.0214,9.345,6.0532,7.0489,9.9947,6.4706,12.2598,11.9743,8.5641,10.3136,9.1708,11.2083,16.0734,10.5473,14.8396,15.716,11.9308,16.6791,14.444,14.0106,17.9949,17.4735,17.4861,15.8437,19.7266,19.4798,19.3047,25.3751,22.182,21.6194,20.5249,21.5926,23.5929,26.4512,28.377,29.8911,29.5062,31.138,33.2237,35.8838,32.8353
111.23030369783427,35.833047230768024,18.7714,18.3678,17.4001,19.4332,18.9798,18.1204,17.0823,16.4536,16.4797,15.5198,17.4722,17.9793,15.9128,14.7014,16.7607,17.0574,16.9591,17.5847,16.8719,15.2896,17.0798,16.6019,15.4377,17.0466,18.6209,18.8726,17.3329,18.834,18.4768,16.6725,17.1654,16.8585,18.0149,14.6247,15.3488,19.5615,19.4738,19.1414,20.9952,20.0685,20.4989,23.1017,19.4719,20.0246,23.7417,24.8993,20.1675,21.8452,22.5206,27.0217,26.7162,27.9894,28.5014,30.051,26.6021,27.0172,30.9908,31.5162,30.4471,35.6999,31.9928,37.1781,34.0687,38.2346,37.7962,37.9037,40.3803,43.0212,41.6279,38.9299,47.3537,46.0636,45.3064,44.9877,46.5012,53.0245,53.3113,49.2092,54.5905,53.7486,55.7545,57.2994,56.6879,60.6332
111.76594945009096,35.68565684507004,13.5391,16.0372,13.4521,10.7627,11.7375,10.2389,12.5719,12.5102,10.9542,7.1502,8.6556,10.0514,8.0224,4.6526,8.5846,7.789,7.629,4.3344,4.0625,2.9035,5.355,1.7488,3.7574,6.4314,6.395,0.7528,5.5017,3.7972,4.4047,6.587,5.3554,4.164,5.2691,5.1669,4.1146,5.1528,1.2712,2.0838,6.7795,4.5939,6.107,4.3543,5.2259,3.3839,5.6117,5.7052,9.2803,4.7078,7.8993,7.5675,7.7456,11.7142,7.3311,7.9309,10.6446,7.9828,11.3666,9.9444,14.7148,13.8374,14.3375,15.1351,17.3435,13.9679,16.581,15.6714,18.7585,19.3742,22.1994,21.8345,20.9006,23.6836,23.4463,26.8165,23.6844,26.9288,31.0625,26.0016,29.0204,30.9103,31.4589,28.0842,29.9728,32.3901
112.40751752851803,35.52345131843611,-3.8072,-4.9787,-4.2367,-4.0999,-3.792,-5.1366,-5.6854,-2.7771,-5.9113,-4.7105,-5.8583,-5.7471,-6.6059,-9.9319,-9.123,-8.4931,-6.3131,-10.0613,-11.963,-13.158,-11.2686,-10.7284,-13.0605,-11.7129,-16.0827,-15.5168,-13.2291,-13.0516,-15.9915,-15.7257,-16.8794,-19.0524,-18.393,-19.6927,-19.4148,-19.9458,-17.5624,-21.9447,-21.9004,-21.5397,-19.9599,-22.4259,-19.8674,-26.1333,-24.594,-23.5716,-24.0721,-29.3706,-32.1909,-34.088,-27.5982,-31.5467,-33.2926,-35.1486,-35.1234,-32.0869,-32.4428,-33.4133,-39.39,-38.6008,-39.4331,-36.6683,-37.3629,-38.6034,-42.4499,-43.2246,-44.4925,-42.7169,-47.1699,-41.8986,-46.8546,-47.5849,-49.1208,-48.7493,-48.3166,-48.9109,-50.8889,-50.9033,-51.4019,-52.0972,-56.0308,-54.3746,-54.7416,-55.5315
112.46974324604417,35.61245724403035,-16.5557,-14.5866,-16.27,-14.1788,-16.1911,-15.2782,-10.521,-11.9965,-12.3847,-11.2025,-10.134,-13.7203,-11.8475,-10.6885,-13.063,-13.3219,-10.7979,-10.8104,-10.1682,-11.0046,-11.6916,-11.1927,-12.8979,-9.1653,-9.9969,-9.0259,-11.913,-12.7917,-12.1573,-11.5535,-11.7638,-12.8893,-14.8911,-13.4329,-9.0021,-12.4971,-12.5041,-12.7209,-16.0217,-14.3424,-13.2802,-17.3903,-16.3762,-17.0311,-16.61,-18.0411,-17.6368,-17.725,-14.7447,-19.2414,-17.4287,-21.7248,-20.9678,-22.9302,-19.8819,-25.7626,-23.5978,-21.9993,-26.2446,-25.3287,-27.8932,-29.8981,-26.9586,-29.6512,-29.1142,-32.7993,-33.3234,-31.2619,-34.6603,-34.0544,-33.7732,-36.7944,-40.2127,-41.7526,-42.7427,-42.7435,-41.4668,-44.1485,-44.4224,-42.0638,-45.3935,-48.5783,-50.4831,-49.9517
112.16212415420485,35.74379384241901,-14.7909,-10.4844,-11.6931,-13.0541,-6.5184,-11.5293,-9.7069,-8.429,-10.8257,-11.4253,-8.2851,-1.7394,-6.7396,-6.788,-7.8653,-5.3501,-3.1284,-2.6032,-4.5901,-3.8908,-3.5543,1.0016,1.0327,-2.0511,-1.8491,-0.4675,-1.749,-1.0919,0.4088,-0.3356,0.8649,0.6662,1.9995,-1.2166,0.6584,1.721,1.7505,-0.3312,4.7933,1.4296,-0.5922,2.8759,0.1822,-0.0494,0.6795,1.493,-2.7608,2.1512,2.4228,1.0996,-4.1921,3.7832,-1.4622,-2.5049,-0.6005,-2.5596,-0.8175,-2.7782,-2.4198,-1.101,-4.0011,-2.1353,-1.0496,-5.7622,-5.7083,-4.0196,-4.36,-9.372,-5.5591,-8.073,-7.0485,-8.8698,-4.9566,-8.7602,-10.2966,-12.5994,-12.9542,-10.6492,-11.5362,-13.2073,-16.0251,-14.5932,-12.6055,-16.0277
111.25949175170979,35.328908791451596,-15.2261,-15.0808,-16.4769,-17.5487,-14.1708,-16.6127,-16.3625,-12.8935,-12.7885,-13.5515,-15.9795,-10.1012,-13.8573,-10.6131,-12.5361,-15.4471,-10.6071,-12.8476,-16.7188,-13.4913,-13.0231,-13.8959,-14.0818,-17.7213,-16.4015,-14.1735,-17.6387,-17.9781,-18.5618,-13.9796,-15.4691,-14.5687,-14.5777,-11.7647,-16.6194,-17.0683,-19.0587,-21.7988,-22.8268,-19.0093,-19.0436,-17.189,-20.319,-18.7792,-20.8163,-20.9353,-21.033,-20.0436,-24.0375,-22.807,-25.8711,-21.3847,-26.0087,-22.4745,-25.6889,-27.4687,-21.7563,-26.3932,-25.4958,-27.6587,-26.3858,-29.8892,-29.0218,-28.2588,-29.5044,-32.0408,-29.3021,-31.4451,-31.5407,-30.1948,-31.137,-32.4568,-33.0427,-30.3991,-37.2686,-36.6455,-40.8486,-38.3215,-39.1455,-37.3837,-40.8112,-40.59,-42.0793,-40.1078
111.74670575334366,35.41816435931688,3.2434,6.509,5.7197,3.9014,0.7952,1.0811,0.9203,1.8129,3.1006,-3.8166,-0.9515,1.8063,1.5946,0.4474,-2.5121,-0.9896,-2.1969,-3.4369,-1.6222,0.2665,-4.14,-6.7476,-6.2369,-3.3822,-6.3788,-6.8028,-5.1164,-7.4629,-5.9031,-8.6853,-8.6961,-11.8984,-7.8254,-11.3431,-12.8213,-12.3635,-9.75,-13.805,-13.4135,-16.4181,-14.2479,-15.3681,-17.5263,-16.0506,-17.6569,-18.4788,-18.6281,-18.5549,-16.9629,-21.8929,-21.2403,-22.5002,-24.5561,-20.8302,-20.6004,-23.1185,-25.6096,-28.7832,-27.3103,-26.3913,-29.9334,-29.5784,-32.7829,-32.5875,-35.9174,-32.6475,-32.3809,-34.7194,-35.1705,-40.2029,-41.1731,-41.8988,-36.7128,-42.9285,-42.7246,-42.9627,-42.4513,-44.9117,-44.0037,-47.7901,-47.9232,-48.4172,-52.1532,-47.6409
112.13144764162888,35.753968763810114,18.8651,19.792,17.982,13.249,17.1428,18.6255,12.8551,15.1832,15.9459,13.5444,12.5486,14.4226,12.655,14.1441,16.0619,15.4594,13.4273,14.7489,15.8972,11.6074,14.2797,13.8275,14.1869,14.7924,14.2668,14.3207,16.5535,15.6404,17.221,17.4863,14.9951,13.8033,14.5497,12.6871,14.6425,16.5431,16.1468,16.2871,17.9888,18.6419,16.3008,17.8855,21.8816,20.7199,13.4363,19.8724,22.2777,21.5661,23.9309,20.9073,23.9997,24.8405,25.8516,25.8107,28.7084,27.6907,31.3612,28.1592,29.5889,31.4018,31.7833,31.9746,35.4554,35.7991,32.751,35.5381,35.9542,38.1539,39.3123,42.752,43.9816,42.6186,47.4976,45.328,44.2651,41.5512,44.1071,51.6266,48.6363,52.2106,49.1778,54.7889,54.0979,56.4566
111.9690339740489,35.31013852982779,-8.4523,-8.6409,-10.1633,-8.993,-8.4299,-7.6702,-9.9606,-10.7586,-6.6781,-5.8425,-9.5378,-5.6727,-11.7881,-7.2108,-7.4514,-8.0061,-5.9154,-8.2671,-6.3766,-8.7199,-13.221,-7.5467,-4.8572,-5.8279,-4.2613,-10.2315,-4.6271,-7.6419,-6.3464,-7.4017,-7.3882,-5.9867,-4.852,-7.0643,-6.2332,-7.5263,-8.5184,-8.2255,-8.422,-7.9853,-11.0054,-8.8511,-7.3907,-6.4934,-6.1854,-3.8599,-5.3009,-8.8656,-6.7369,-9.1279,-8.884,-7.8931,-4.0856,-5.9695,-8.8999,-4.7562,-11.4149,-8.9013,-7.5712,-9.5564,-11.0012,-10.982,-9.2514,-11.2403,-10.8454,-12.8234,-10.8663,-11.6662,-10.5389,-11.7297,-15.0878,-14.7058,-14.8982,-14.153,-11.0032,-14.4022,-16.8337,-14.8012,-14.6501,-15.8171,-16.6619,-16.1308,-18.1876,-17.2027
112.66034322492565,35.340614002431515,-6.6187,-5.7444,-4.9582,-1.5369,0.5542,-0.0133,1.6483,2.7082,3.9476,4.1093,6.4857,4.4663,10.1944,10.1606,4.9844,10.8067,12.1253,11.3879,14.3298,16.5715,13.4005,15.0311,13.5187,17.0455,12.5162,21.178,18.6747,17.9057,19.7728,20.0271,20.249,19.8494,18.7339,24.3093,21.1997,23.7317,24.5836,23.2175,26.2355,25.9848,24.3689,24.6552,25.7028,24.1,22.8452,21.7515,25.1673,20.4383,22.2162,24.784,21.48,22.8605,23.2077,24.5309,24.501,22.7656,25.8304,23.0343,22.9716,21.2131,27.1574,19.7119,18.3967,23.4862,21.9359,22.2781,20.7028,22.9662,20.2966,20.3081,20.0835,19.6997,19.0895,23.9348,21.5852,17.6043,18.9394,14.9527,13.6382,18.9403,13.578,13.578,17.7517,13.6221
111.27855080470339,35.263506016977786,-16.4314,-14.2426,-11.8946,-13.0959,-12.7404,-13.8871,-11.4953,-14.3317,-14.4251,-14.2418,-14.3972,-11.8223,-13.3108,-14.5107,-13.8403,-11.9789,-14.1643,-14.6892,-15.7608,-13.4158,-14.0849,-13.9633,-17.9391,-17.5311,-16.4472,-15.6411,-21.8516,-17.8682,-22.1946,-20.5215,-17.4877,-20.4678,-18.9947,-20.1842,-20.6139,-21.2518,-25.5385,-22.9361,-22.0123,-23.4576,-23.2549,-26.4115,-24.8135,-23.0109,-29.2493,-25.6731,-27.7366,-31.1234,-28.6725,-30.6116,-29.2776,-30.5545,-31.0381,-36.5429,-32.4718,-31.9653,-32.6785,-32.7227,-38.3261,-35.1893,-37.2738,-37.8097,-40.071,-41.5991,-42.2509,-39.0508,-45.3233,-43.7209,-42.6189,-44.5834,-49.108,-46.0189,-46.0417,-51.1619,-48.7022,-49.8959,-55.32,-54.2078,-55.8027,-55.8287,-55.7644,-57.1895,-55.8593,-58.3861
112.16149817872135,35.79840644602411,12.721,7.4039,3.7263,8.612,6.5919,5.1567,2.596,5.4374,4.5208,1.2308,3.4004,0.9403,-2.1434,-2.5271,2.6322,-4.2313,-6.8949,-4.958,-7.355,-6.7724,-3.1647,-5.2601,-5.534,-7.7714,-5.1991,-10.7325,-7.4413,-8.7195,-8.4004,-8.3309,-8.8073,-9.3643,-11.9571,-12.115,-10.7681,-12.5058,-12.7533,-10.9375,-10.9634,-9.2145,-9.8605,-12.7873,-7.728,-13.2601,-11.8963,-8.3564,-13.5471,-11.2249,-8.9275,-14.324,-11.2993,-12.6304,-13.2657,-9.5595,-12.2187,-6.9799,-10.6278,-9.5452,-11.7328,-9.3043,-9.0566,-8.4911,-8.8417,-8.5222,-7.8618,-7.4612,-9.1489,-6.5863,-6.7371,-3.5216,-6.3861,-2.3581,-4.9732,-4.774,0.0779,-3.041,-1.5884,0.5706,-3.8628,0.4402,0.2559,-0.5377,3.5091,3.9516
111.94893161351604,35.689610387551106,1.0308,-0.4882,5.6433,4.4878,4.3023,4.6219,4.9353,8.8953,7.9568,8.0124,10.6732,9.8428,8.2208,10.1072,11.944,12.6893,12.2408,14.9445,10.3815,11.4134,12.0135,14.0795,11.9197,15.07,11.0194,12.8517,13.0642,9.7723,13.7451,11.7158,12.1804,11.1591,11.6074,10.7115,9.1987,11.1826,10.0188,11.0312,9.6319,9.109,7.2612,9.2156,8.9566,10.1779,7.4565,7.5546,6.1288,7.3036,7.3631,7.0825,9.457,8.4424,8.07,7.9742,7.5642,9.9995,7.9852,8.1177,9.9841,10.0217,12.8402,12.9032,12.432,12.2863,14.1707,12.7971,14.6849,14.3205,15.474,17.3555,18.2893,19.5518,20.2632,20.2861,22.3397,21.872,21.4676,24.4903,24.8953,26.1626,27.6553,25.0096,26.1443,25.0516
111.68444881395524,35.61342753654715,6.4634,3.6149,5.1649,5.1486,7.2096,6.8027,8.5875,9.3953,7.4934,9.8837,8.8013,10.9727,9.4606,13.0235,7.6201,11.5841,10.6893,10.5781,10.6735,10.7237,10.6765,12.4517,11.9816,9.7043,9.2867,12.7451,12.204,10.0189,10.0715,9.1988,6.9061,7.1307,7.3944,7.1162,5.3432,3.8738,5.2987,5.3072,5.6775,2.6619,1.6542,1.4722,0.5039,1.3101,0.8453,0.4259,1.3163,0.0391,0.7037,2.1548,1.681,0.1609,2.1868,1.6312,1.4723,-0.2791,-0.1128,2.7776,1.9403,5.3733,4.3629,3.5394,3.3577,4.7817,6.8367,6.9438,7.4992,7.8251,7.0635,9.7202,9.8659,11.5954,8.679,10.2585,12.2055,10.5635,11.2466,14.2623,14.0579,14.2317,12.1909,14.6196,12.5601,14.4755
112.00499376502907,35.71806838421872,-5.4046,-6.9162,-5.2862,-2.5649,-5.1388,-3.3424,-4.3068,-3.4009,-0.5257,-0.412,-2.6708,-2.0081,0.618,-0.9399,0.3522,-0.7295,-1.189,-4.7069,-0.7442,-3.0697,-1.4165,-3.773,-3.6047,-6.7181,-4.4477,-4.4245,-6.4212,-7.798,-9.8468,-8.7621,-9.8261,-10.5108,-10.9134,-10.191,-10.5554,-14.1088,-15.3402,-16.0791,-14.5524,-13.568,-16.2694,-16.2134,-17.6397,-16.3636,-16.0533,-16.739,-15.2469,-16.7703,-15.5736,-15.6325,-15.0147,-14.4169,-13.2435,-11.8465,-12.7214,-13.535,-12.0817,-13.1882,-12.9136,-8.788,-7.6368,-10.0426,-8.2904,-9.8173,-5.3593,-7.0504,-6.2031,-8.8158,-8.1707,-8.4579,-6.5121,-4.1913,-8.2911,-9.5924,-7.6842,-7.1724,-7.5673,-8.6951,-7.9047,-8.5502,-11.2283,-11.4843,-13.4234,-12.4397
111.72904592553796,35.29330700397294,3.3513,4.0752,5.351,5.019,7.0468,5.789,8.2543,9.5369,10.971,9.8193,8.7988,9.6067,11.3231,10.5974,8.7573,8.3559,6.0977,7.633,7.2203,5.4376,4.0912,5.163,1.0179,3.5401,2.9683,2.6762,1.1038,-1.8629,1.1325,-1.2425,-2.185,-1.4868,-0.6916,3.863,1.4515,0.9059,0.1114,1.9819,1.811,4.048,4.7736,6.9075,7.5303,9.1602,7.7025,10.518,9.6128,11.4911,11.9541,11.8884,14.5709,14.725,12.2763,15.0052,12.2366,10.8238,11.2859,11.0211,13.1601,7.85,11.7912,9.5266,9.0258,8.0523,7.8607,6.3108,4.9926,4.2502,1.7764,4.9387,3.8514,1.0134,1.5133,2.9806,4.0248,3.7,5.1357,3.9193,6.7714,5.3687,8.8596,7.8354,10.0663,11.7352
112.49994957722646,35.902992238333255,-4.1369,-4.3087,-4.7087,-4.48,-1.1742,0.2515,-0.7579,-1.2015,-0.3956,1.5088,2.8529,1.5924,2.6001,2.185,1.7925,4.8782,4.157,1.8881,3.5577,3.739,4.195,4.5743,4.3406,2.3189,4.3382,0.7288,0.7042,3.4137,0.3598,0.1711,0.3275,-1.105,-0.0656,-5.0222,-0.5071,-3.2703,-1.5577,-3.5105,-2.9326,-3.2172,-2.5724,-1.466,-2.8441,-2.931,-1.7391,-2.7376,-3.7329,-3.0846,-0.4259,3.0421,0.8882,1.661,1.0567,2.5752,3.987,4.4024,5.2803,4.2425,7.4136,5.7583,8.7856,9.3023,10.3212,10.358,10.9776,12.3805,9.3386,13.9406,13.5328,12.7876,14.0996,12.2818,13.309,14.2747,14.0924,15.4105,14.7415,15.273,15.8266,14.4246,14.7246,13.7633,13.5017,12.5332
112.06324943211196,35.58028280434065,-6.4031,-1.4608,-4.8456,0.4855,0.8028,0.4777,0.2526,4.5128,5.4178,3.8721,4.6157,5.0132,6.4165,6.9373,7.1566,6.6197,7.2696,7.6114,8.7828,6.9167,7.9355,7.6233,9.7323,8.3143,5.1901,6.3597,7.7664,6.8457,6.2802,6.0885,7.0274,5.7136,6.6702,5.0505,5.5131,6.1016,5.3575,4.9713,7.3221,7.6596,8.1047,8.4032,11.4465,11.246,12.3148,14.6319,15.2823,14.7034,16.0808,17.6944,20.0836,19.4229,21.1724,22.3588,23.9446,25.6174,25.0137,27.2458,27.6025,28.9195,28.4656,29.7632,31.2416,31.9015,33.5338,31.3419,32.5948,32.8848,34.4133,34.5268,34.307,34.1584,30.5169,35.1168,35.1553,35.232,32.0136,33.4122,32.0159,33.2686,32.9201,32.4324,32.3353,31.6564
111.84872973420717,35.52741913870023,5.9455,5.4363,5.6841,5.2878,4.519,8.4486,5.4675,3.6475,6.9504,7.4027,8.6232,6.1895,6.3646,5.3032,8.6072,6.5381,6.5098,7.1413,7.3751,5.3879,5.5977,4.9705,4.2763,4.8392,2.1285,3.6379,4.0533,3.111,2.3989,1.7135,0.5991,-0.0732,0.3598,-3.1299,-1.7144,-1.9021,-5.0245,-4.4168,-5.5444,-3.1538,-5.2171,-7.3456,-9.6844,-8.3137,-9.5897,-10.1471,-11.8034,-7.6533,-10.9227,-10.8889,-11.7952,-13.072,-13.844,-13.9934,-11.3765,-14.2324,-14.5448,-14.1652,-14.0089,-14.2405,-15.007,-13.7086,-12.9502,-13.3222,-14.1682,-13.8713,-15.3928,-12.402,-12.31,-12.1955,-11.5824,-12.3892,-11.3654,-10.7204,-11.948,-11.535,-11.2122,-10.0921,-9.0927,-9.8218,-10.4969,-8.6116,-10.109,-9.5899
111.82158164961803,35.31388670793744,-4.4283,-5.2613,-3.6628,-4.7094,-4.7451,-2.6593,-1.2251,-3.3744,-5.7845,-2.1788,-3.9287,-3.5744,-3.807,-6.8942,-8.1113,-9.2728,-10.2129,-11.3443,-12.4747,-14.9538,-15.6472,-16.1938,-20.022,-18.8573,-21.6843,-24.3271,-22.6882,-21.2434,-25.892,-24.957,-25.5194,-25.7415,-25.8687,-26.0167,-24.1627,-23.7613,-24.931,-21.9709,-22.0398,-21.3214,-23.8502,-19.9541,-20.1483,-19.5586,-20.7859,-18.5095,-20.8749,-20.5975,-20.392,-23.2609,-24.0163,-22.6685,-25.7846,-26.7843,-28.6417,-31.2616,-29.5601,-32.1633,-33.2477,-36.7227,-36.0318,-37.543,-37.7718,-37.9689,-41.2339,-42.2833,-42.958,-40.2703,-43.736,-42.0196,-40.1067,-43.0314,-40.4636,-42.2694,-40.148,-39.0002,-39.0537,-38.9621,-38.9037,-38.0286,-38.0928,-39.7585,-36.872,-37.6886
111.598468813652,35.43865765139932,-2.0571,0.468,-2.343,0.2031,0.2613,2.3956,4.6964,4.4879,2.7967,3.7696,5.0521,4.8668,4.3711,4.6391,3.6341,4.0374,5.5484,2.4254,2.0824,1.4246,1.4669,-1.5648,-0.3205,-2.0971,-3.1565,-3.4284,-4.4306,-1.8698,-5.481,-5.7667,-4.1213,-2.9494,-2.8675,-3.0295,-5.7783,-2.4925,-5.3222,-2.1522,-2.808,-0.321,1.921,2.5272,3.1776,4.8914,7.2172,7.7374,10.0407,7.4685,5.9457,7.4002,9.2468,8.2702,8.2673,9.2489,10.5188,8.9013,6.1638,8.0397,6.9738,6.2513,3.3458,3.9381,3.2389,0.6068,1.8704,1.3202,-0.675,1.0344,-1.045,-0.1313,-1.602,-0.6361,-1.2588,-0.3838,-1.1818,-0.6764,4.0652,2.7571,4.6102,3.5705,5.4589,6.9704,7.386,9.5726
111.77119761396366,35.31615245728121,-9.2222,-7.0765,-6.027,-5.7352,-6.2241,-2.9857,-3.5779,-2.5281,-1.6972,1.3487,1.1377,2.5594,2.7637,-0.4434,4.1489,2.0429,4.1516,3.7762,6.0162,7.4323,5.6685,3.7287,7.2075,5.5858,4.2109,7.7047,4.6838,6.0879,3.0434,5.243,5.0797,3.6434,4.889,3.8417,1.8369,3.7153,2.863,2.4837,2.7398,3.6771,3.1296,2.8142,2.605,2.5564,1.7139,2.3698,3.2532,4.4694,2.8028,4.3328,6.4548,6.7432,2.972,6.6745,6.9801,9.7991,9.2406,10.5311,11.2965,12.2739,13.1218,12.4186,14.8881,15.4012,16.1515,19.3847,16.7766,18.9623,20.3186,22.4365,22.1755,21.3747,25.0213,25.9112,23.1891,25.7214,26.8762,26.6996,25.1387,27.584,27.1555,29.2985,28.1129,27.9354
111.23902891733775,35.47946442529285,4.4167,6.9681,7.5259,7.0277,11.3125,8.5703,10.507,12.6061,12.1991,13.322,13.9765,16.9989,13.8255,13.562,15.5236,15.5638,12.5006,13.9854,14.705,14.7133,12.3074,11.9553,10.6412,12.7904,9.9231,7.8645,8.6247,9.1745,11.6025,9.0146,7.8504,9.8326,9.067,8.4594,10.0069,7.3119,11.0495,9.4051,12.5355,12.4535,14.4592,16.1256,17.0831,18.2477,16.4792,17.6886,19.4119,21.1742,22.3306,24.0346,25.4545,25.4335,24.8084,26.3675,28.8084,27.1132,27.6425,26.9355,29.6302,29.3742,28.4226,29.9428,27.784,26.5855,28.7235,29.7296,26.8615,28.2533,26.0941,26.3421,25.0627,24.0402,24.6045,22.8603,23.2672,22.4759,24.0704,24.1117,24.5677,23.6248,23.7469,24.668,22.9208,23.8706
112.51482567705798,35.91068213982869,6.3346,5.794,4.4691,3.6758,6.2013,5.5009,5.6929,4.2928,7.1691,5.6764,6.649,4.8799,6.2134,5.9551,3.5777,4.337,4.4978,2.8821,3.559,1.9955,0.2014,-3.0455,-1.8894,-0.2927,-2.3262,-5.2412,-3.7828,-7.4571,-6.7607,-9.2829,-9.386,-10.5854,-12.0834,-12.7776,-14.9707,-14.0776,-14.4406,-17.2062,-17.049,-17.0728,-17.8863,-16.2306,-18.4524,-18.5728,-19.8962,-19.1665,-18.2366,-18.3999,-17.7567,-19.5557,-18.7929,-18.0937,-18.3403,-15.4113,-18.0234,-16.6757,-16.0386,-16.7009,-16.1185,-16.5952,-14.8117,-15.4973,-14.3465,-14.2465,-14.7337,-16.9371,-17.4803,-17.9506,-19.7118,-20.0381,-20.8864,-18.3682,-19.4843,-22.2226,-21.7441,-22.3204,-24.5605,-26.4187,-26.2565,-27.7155,-28.5067,-29.4459,-29.0482,-32.7424
111.69628862691665,35.459911171340266,-4.9684,-4.2062,-2.6109,-4.6621,-3.1916,-2.1065,-2.4575,-0.5565,-1.0703,-0.1706,0.9491,1.9364,2.8357,1.2465,1.6399,3.3892,2.9738,4.5014,1.974,1.1371,3.2352,2.4868,3.8142,3.4715,4.809,4.3281,1.5609,2.2709,1.0323,1.7399,0.8978,-0.4797,-1.3972,-0.0271,-1.0652,-1.5141,-1.5016,-1.6603,-2.4584,-5.0595,-4.0803,-1.6844,-5.0773,-2.2261,-4.7441,-5.8287,-5.0942,-5.4608,-7.641,-6.4833,-7.067,-5.8417,-5.388,-4.7945,-4.9121,-4.8927,-4.9412,-4.7384,-5.7252,-5.9661,-5.375,-5.5335,-2.7701,-1.8733,-2.2785,-1.7655,-3.0581,0.0209,-0.9446,-0.6695,2.0764,-0.3476,-1.3896,4.5296,3.2761,3.1883,5.1722,6.7152,7.8924,4.2989,5.3333,8.6695,5.8815,6.393
111.40849756429577,35.45797850979453,5.9623,5.8981,7.8003,9.8375,10.0196,11.1221,8.6292,10.8824,10.9321,12.689,13.3229,9.2787,16.0277,13.3473,13.5889,13.7513,12.7669,14.5983,13.4363,12.2002,14.8273,13.2032,12.7485,13.3212,12.1179,12.7712,13.3952,10.5515,11.9343,10.3749,10.3997,8.3007,8.9617,8.6012,6.8285,5.4386,9.6774,8.1782,8.7003,8.4467,5.899,8.1083,7.1572,7.63,8.457,7.1968,9.8806,5.3626,10.8743,10.5238,11.5985,12.0021,12.6541,14.5084,10.7334,16.5067,15.1863,18.6673,17.1405,18.427,19.6375,20.0419,19.2275,20.915,22.0715,22.8886,23.3283,24.6657,24.9388,23.5337,24.9564,25.3245,23.9119,26.6206,26.587,24.8616,25.2319,25.8924,24.9112,23.1174,23.9748,20.3304,22.8689,21.9579
111.81181837366196,35.8206834739086,2.4286,3.5131,5.6355,4.3727,5.2096,4.3878,7.104,6.5937,6.922,5.5618,7.79,8.6109,7.8076,7.1054,8.8342,10.15,6.5451,5.7431,9.825,6.1873,5.3327,3.0443,4.8528,4.4211,4.9279,2.5784,1.5056,-0.719,-2.0672,-1.655,-1.2135,-1.2318,-2.2366,-3.5975,-3.7628,-7.7041,-7.9505,-5.7977,-5.9781,-7.2161,-9.2808,-9.9207,-10.0949,-8.928,-7.1482,-6.5552,-9.0784,-6.1701,-7.9138,-7.8426,-7.7403,-6.3497,-6.9825,-7.8579,-7.4908,-4.7734,-6.7698,-3.9755,-5.3413,-3.8553,-2.4804,-2.9086,-3.1508,-2.3773,-1.3804,-1.8977,-1.1048,1.9317,-1.1817,-3.8693,-0.6017,-1.811,-0.6765,-2.7344,-0.7349,-1.7568,-1.4974,-0.9997,-3.8582,-1.563,-4.1074,-4.7878,-8.806,-7.4942
111.8202153658317,35.894881812845036,-8.8699,-8.0307,-8.4446,-4.85,-5.6265,-6.4084,-7.746,-6.5324,-8.4097,-5.9979,-6.9707,-8.3213,-7.2464,-6.8491,-9.3594,-7.6016,-7.4153,-7.5184,-9.9911,-12.8184,-9.9028,-12.078,-12.7953,-14.1988,-15.187,-14.0206,-14.0734,-15.5761,-16.4875,-18.3251,-18.5413,-20.5411,-18.3896,-22.0416,-23.2996,-22.8967,-24.6937,-26.8229,-25.844,-26.5552,-26.449,-29.2818,-31.7749,-30.5063,-31.0517,-31.8625,-33.9967,-32.9974,-35.4029,-35.5856,-35.2526,-35.1454,-38.2801,-37.7966,-37.909,-37.9912,-37.33,-38.2286,-36.6197,-40.4066,-38.651,-37.8274,-40.4576,-40.645,-39.3751,-37.2985,-39.811,-39.7597,-39.6429,-39.3897,-37.52,-36.4766,-37.8654,-38.2662,-38.6928,-38.1488,-37.9912,-38.3434,-39.3395,-38.0171,-37.98,-37.7513,-40.1766,-38.864
112.11214870113025,35.82690353419429,-8.4374,-4.9589,-6.62,-3.8736,-4.191,-3.2019,-2.4924,-1.2128,-4.5756,-1.6419,-1.5651,-1.8655,-3.2418,-4.9653,-4.5818,-5.3782,-4.5499,-6.9177,-5.1195,-7.6349,-6.9607,-12.8213,-11.4467,-11.1517,-13.9831,-14.6305,-13.4183,-14.2141,-15.7328,-15.0323,-14.3976,-12.8633,-14.7573,-13.3111,-11.5079,-11.2499,-9.866,-10.3746,-11.5058,-8.4692,-8.4085,-6.8961,-6.4248,-2.871,-4.2885,-3.6744,-5.8662,-2.477,-2.1019,-3.0761,-1.0271,-2.595,-4.7899,-6.6889,-7.4077,-6.8254,-10.2091,-8.8588,-10.5575,-10.79,-14.5625,-12.3044,-13.5834,-16.4113,-14.826,-16.8462,-16.075,-16.0407,-16.6908,-15.627,-13.8871,-15.1477,-13.8377,-12.2845,-11.5303,-11.1516,-10.3457,-9.8757,-9.6481,-6.762,-6.2892,-4.6872,-5.2426,-5.6609
112.71070089403624,35.277034384793936,9.2268,9.0259,8.056,8.3366,8.4397,8.9022,9.1587,9.2835,10.9458,11.3209,12.1245,11.3464,10.7866,10.0922,10.7418,10.4672,10.0904,11.8686,13.3525,11.1906,11.9372,11.502,11.1189,11.6057,10.9329,10.2309,9.5047,9.6622,10.2104,7.6893,9.9963,5.2256,6.9117,6.6374,4.3856,6.5402,5.3507,5.7971,2.1917,4.5414,3.0577,4.0117,1.2817,1.1502,-0.6648,0.3649,-1.5993,-0.2643,-1.2993,-1.8072,-2.2071,-1.3875,0.0168,-2.3824,-4.0144,-1.6834,-4.0715,-2.8113,-3.2774,-5.53,-2.7354,-4.2918,-2.796,-2.7491,-2.6493,-2.2753,-1.1852,-1.9037,-0.3927,-2.5727,-1.2492,0.8583,1.5606,-0.1876,2.1507,0.9442,2.8809,3.3491,5.3622,2.6584,3.5166,1.1616,3.2212,4.8108
111.59719056543501,35.64942503903174,4.3792,6.5333,7.3554,8.8733,9.2395,12.365,12.4769,11.7619,14.8985,13.6606,15.0017,17.6364,15.674,16.4512,15.4328,15.7698,11.0043,14.5067,15.0999,11.8451,13.2815,10.7978,12.1904,10.3681,8.7579,13.3602,8.1717,8.5081,8.7312,9.3011,7.6719,10.3687,10.5939,14.115,14.0027,15.25,14.1919,16.0428,18.3459,18.8119,19.4117,22.3194,23.3332,21.953,25.9682,24.8041,27.3443,28.6827,29.2165,30.7998,30.347,30.4274,30.5727,31.7049,29.8958,29.237,30.2914,26.7135,26.8777,27.2524,25.8765,28.604,27.1784,25.1582,26.0922,21.4147,25.5958,23.0816,23.9565,25.054,26.4953,25.5658,25.3452,28.6553,28.4889,30.4994,31.3285,33.9253,34.5412,34.9546,35.8138,37.6284,40.3064,41.1841
111.59256464331004,35.61124727451558,-0.8205,0.9014,-0.0626,2.0832,1.1347,2.9112,-0.7447,2.2249,1.5851,-0.2458,-0.756,0.3629,1.0935,-3.5955,-0.2293,-3.6586,-3.0476,-6.9694,-6.6533,-7.1509,-8.9495,-12.9866,-13.1074,-13.8622,-15.5949,-16.8548,-16.0165,-17.6589,-16.939,-20.7633,-17.3985,-19.6153,-17.6118,-19.2328,-18.5154,-19.6243,-16.9375,-17.2991,-16.5644,-17.8062,-15.9161,-15.3508,-14.5143,-16.0208,-13.5288,-13.8844,-13.8274,-14.5289,-13.4186,-16.2349,-16.0313,-15.7888,-15.853,-18.531,-18.921,-19.3863,-21.0525,-24.3009,-23.3286,-24.4555,-27.8683,-28.7397,-30.7664,-30.0564,-32.1627,-35.2037,-34.3224,-35.2427,-34.5902,-34.9894,-37.1885,-36.9792,-35.3292,-36.734,-36.1741,-33.7798,-29.5704,-34.9606,-32.2384,-33.8884,-32.8202,-33.3295,-33.0815,-33.1021
111.57649217490899,35.71336526249733,-6.3319,-5.1749,-3.2073,-3.9744,-3.3207,-5.1084,-2.636,-0.3417,-3.37,-4.0894,-2.9069,-0.7505,-2.7153,-3.5489,0.3515,-0.9553,-2.6371,-2.9217,-3.4833,-5.7611,-5.4414,-3.0949,-7.1808,-6.7614,-7.6341,-8.2552,-10.8828,-10.152,-11.3639,-11.2256,-10.6973,-13.3142,-15.7539,-16.069,-15.8654,-17.4429,-18.8461,-16.2071,-20.8096,-20.2372,-20.3205,-21.6188,-22.257,-21.3593,-22.2234,-22.0126,-20.4357,-22.4463,-19.4879,-21.7494,-20.8026,-19.9282,-20.4195,-20.1139,-19.4871,-19.5422,-19.7868,-17.9224,-17.3717,-22.4662,-16.4894,-18.4442,-14.9008,-16.8753,-14.0139,-16.1192,-15.067,-15.1013,-16.0492,-15.9999,-14.5242,-16.8371,-15.8918,-17.2683,-15.9804,-15.6974,-17.8944,-19.3351,-18.1529,-22.9164,-21.3534,-19.1907,-20.9727,-21.65
112.67304600175662,35.73772930372951,7.5903,6.5499,6.7394,8.1492,9.6856,8.8289,10.1727,11.934,10.8529,12.6212,12.2259,11.6226,13.0564,12.4012,13.8346,13.6848,12.5716,11.35,14.3787,14.757,13.655,14.6262,12.6681,12.8683,15.2654,12.8586,13.7727,12.847,12.8276,9.5934,13.7566,11.0045,10.5987,12.6165,8.9272,10.0489,9.3948,8.3156,8.3316,8.9495,9.1617,5.8108,5.7495,3.5944,4.3262,4.4913,4.3121,4.0186,5.9039,4.976,3.2776,6.2697,1.2005,5.725,3.5652,4.2944,6.3823,5.4015,5.3253,4.9232,7.6178,8.5758,6.9925,6.8355,8.2558,8.6003,9.5097,11.3264,11.3834,9.8264,12.6863,10.3922,11.7779,12.8121,16.8218,15.3273,13.3522,13.936,15.6569,16.5775,15.3958,16.4347,17.3064,17.0794
111.4412245820883,35.63060499101581,4.8743,4.8079,6.9984,6.582,10.8526,8.5821,10.6583,10.1699,13.8577,9.8412,10.0708,11.4327,11.0952,12.3325,8.8653,12.537,10.4778,13.3863,10.2205,11.0002,11.682,13.0493,10.3262,9.72,9.092,8.927,6.6835,11.0613,6.3754,5.5169,5.5671,5.6409,4.1763,6.4716,1.8341,3.6061,2.9924,4.4997,1.4599,0.7903,0.3235,-0.968,0.0038,-0.8303,-0.2454,-0.3783,-0.2124,1.36,1.676,2.705,1.2873,2.66,1.5403,2.0619,5.508,3.1442,-0.9508,1.2028,3.777,4.4168,5.5578,7.7944,7.5301,8.9556,7.1641,6.094,10.0456,8.2553,10.6494,9.2773,11.7925,9.9399,10.3535,10.7259,8.9675,9.58,11.0567,12.9075,8.8497,9.8552,9.8341,9.4183,9.3083,7.892
112.66729163123944,35.853833398856146,6.8236,6.5938,8.4358,6.451,9.2449,7.6576,9.7675,8.7507,6.447,9.1758,9.6607,10.2609,11.1115,9.0752,7.9723,9.6995,9.2486,8.7791,9.1965,8.3523,9.7311,6.6028,6.8972,7.1478,7.2701,6.5657,6.6365,5.4647,3.4821,3.3638,3.1825,3.4699,3.653,0.4923,0.2213,-0.744,-1.6008,-2.5261,-0.275,-3.0956,-3.0981,-5.1349,-4.9989,-5.7754,-7.2739,-6.9896,-6.0928,-8.0717,-6.9753,-8.8552,-10.8789,-9.7547,-9.5418,-10.4772,-11.0254,-10.126,-10.523,-8.6464,-9.9223,-9.8808,-10.3018,-7.8924,-7.9908,-7.4918,-8.6802,-5.9212,-5.8345,-7.5418,-5.9385,-6.4243,-4.0578,-5.0611,-5.356,-4.6217,-3.3685,-3.768,-5.2128,-3.5425,-4.0641,-1.4507,-1.0032,-4.4875,-4.2823,-2.1894
111.47243684411134,35.39030005607237,0.9535,4.455,5.6998,5.0905,5.7829,6.3505,7.8483,6.219,7.3311,8.9206,9.2823,10.5454,9.8366,10.5559,10.7549,14.126,9.4292,13.7902,10.6657,9.9796,13.0251,11.4433,14.2601,14.3783,14.9499,12.6872,12.9788,11.4457,11.7664,11.4031,11.4848,9.0767,10.7024,12.8732,12.852,7.7877,9.033,9.3455,8.9316,9.4888,10.7447,7.8967,8.8959,8.3648,7.8756,6.599,4.879,7.7123,6.998,7.353,6.702,6.2,5.9595,6.9143,7.4199,8.3047,6.6556,7.3186,4.9458,8.2047,5.5752,8.5712,9.6568,9.2348,10.3346,10.1523,10.3098,11.5048,12.0561,12.4902,14.2637,14.2086,15.6581,17.0675,15.1969,16.9601,17.1333,18.9403,19.5068,19.4869,22.4273,21.1196,21.8873,21.5004
111.77604067488264,35.34313912892661,-1.2673,-1.2799,-0.311,3.1565,1.8521,1.9578,3.6095,5.0205,1.5032,6.762,4.3658,5.5516,7.147,3.7366,5.1692,5.5648,6.4489,6.2903,4.7592,5.5346,4.902,5.8851,3.7073,4.7896,1.3999,0.6423,1.7673,0.2707,-0.527,-0.8111,0.8272,-0.9403,-1.6092,-4.9628,-2.7223,-3.3611,-2.2257,-4.9186,-4.0095,-5.7959,-6.145,-3.9993,-6.3091,-6.6321,-6.7404,-6.24,-7.0818,-7.2712,-7.3507,-7.0269,-6.6201,-4.602,-4.8351,-5.2516,-6.8126,-2.6941,-4.8303,-4.8517,-1.9791,-4.0652,-2.0665,-0.1829,-0.0838,-1.2366,0.0404,-0.6542,0.8808,1.8421,0.6465,1.921,3.386,2.4545,3.943,2.8395,4.2771,4.1677,4.1795,4.7247,5.116,4.4177,4.0729,5.1386,3.1841,2.2571
111.2484379615267,35.939319511215785,-0.435,-0.3246,1.3481,1.3918,2.5579,4.664,5.5374,4.0197,3.9692,2.4591,1.5962,1.9374,1.2022,-1.7334,-0.2004,-0.6002,-2.7169,-6.812,-6.859,-7.2497,-8.2238,-9.8117,-10.0368,-8.5398,-13.3005,-13.052,-11.2103,-13.938,-12.4214,-10.1739,-10.2225,-8.7035,-7.778,-7.4032,-7.3721,-3.9005,-3.3495,-1.5165,-1.1138,-2.8415,-5.2929,-3.5624,-6.2222,-6.2508,-5.6294,-9.8651,-9.4108,-7.0658,-10.8128,-9.783,-11.0596,-14.5865,-14.6272,-13.791,-20.3883,-15.8482,-19.5642,-19.7753,-17.5501,-17.4152,-18.3854,-18.676,-19.7736,-19.1161,-15.1598,-15.7226,-13.3068,-13.3358,-14.8188,-12.3046,-11.0357,-9.3669,-11.169,-11.9657,-12.5967,-10.2558,-13.9973,-13.8166,-15.298,-15.0857,-14.7426,-17.9414,-19.0892,-20.4164
111.96594015806127,35.77285447552148,0.5903,0.1289,1.6536,3.4937,3.524,0.4302,3.8206,4.4614,2.0163,6.154,7.0329,7.9197,9.3655,5.5082,8.3906,9.269,8.3514,8.725,8.6218,9.1948,9.1428,9.4696,9.0352,8.7871,9.1987,12.1297,10.9304,10.2382,9.6523,11.3859,6.4085,8.24,7.8703,9.018,8.9603,10.3166,7.8015,6.2129,5.4521,6.1009,4.4771,5.3152,6.2514,6.7358,4.453,3.0091,4.2979,3.2979,6.1297,2.7457,3.5888,3.973,4.8387,3.5415,3.786,5.9617,5.7218,2.9805,5.2435,9.2906,5.4375,7.3773,6.0946,8.6398,10.6473,9.0864,10.7297,10.719,10.7025,11.3432,13.44,14.6386,13.1307,15.9548,15.5151,17.3514,17.1838,17.8474,19.4348,18.3357,21.1179,19.1205,21.3576,22.7772
111.37150548169808,35.25866829658596,-2.8289,-4.254,-4.5937,-1.6478,0.9916,0.5555,2.0252,2.64,3.4109,3.5301,1.2817,1.2228,2.1174,2.6924,2.8661,0.5966,-0.0114,-1.916,-2.1418,-2.6364,-3.747,-7.4203,-7.014,-4.2673,-7.512,-8.0983,-5.4197,-5.7282,-4.5593,-6.1945,-1.5795,-1.7717,-1.4352,-1.9999,0.7227,0.5138,3.4103,3.6095,5.5164,7.5113,6.0356,7.3669,7.9758,7.852,6.2437,4.8103,7.7856,10.0093,3.7017,7.0697,6.1298,0.4631,2.252,2.5281,-0.9031,-0.2644,-1.7531,0.7929,-1.664,0.0338,0.9169,-2.1336,-2.7107,-1.0776,1.5943,2.163,0.9133,3.7551,6.3852,7.654,6.7382,10.4745,10.9318,9.5753,11.9751,11.8165,11.6154,14.8885,12.4937,13.7968,13.9368,12.7736,13.2233,10.7527
111.79329434334687,35.720750771106346,-2.411,-2.392,-0.4859,-0.1436,2.0235,3.239,3.6007,5.4567,2.056,3.7636,2.0699,4.7481,4.3515,4.1672,4.5865,3.555,3.5026,0.2018,0.0968,2.0391,-0.8394,-1.2808,-3.481,-1.7277,-2.2612,-2.0271,-5.2301,-5.0789,-6.1559,-5.6989,-7.7956,-6.7131,-8.1367,-9.1145,-7.3536,-6.0994,-7.3511,-7.6337,-6.1221,-5.9066,-3.9757,-7.3895,-5.972,-1.9429,-2.5573,-0.6578,-0.2651,2.8812,3.1614,2.1598,4.5348,3.9308,3.4686,4.7212,3.6666,5.3917,4.0889,2.518,2.4881,3.7574,1.9932,2.5613,1.2528,2.0138,0.1732,-0.4647,2.5285,-2.6571,-3.215,-3.9828,-4.8841,-7.3214,-4.7418,-7.1515,-5.1188,-9.3514,-9.3963,-6.1733,-5.7823,-6.8243,-6.3965,-5.1002,-5.4923,-5.8933
111.79384562265282,35.89687163912182,-4.1059,-7.807,-6.105,-4.9717,-3.6165,-3.2874,-3.6295,-4.3016,-2.695,-2.2084,-3.355,-3.223,-2.1999,-3.8645,-1.1127,-6.0544,-5.5257,-6.0429,-2.9389,-7.4741,-7.006,-8.6574,-10.9116,-8.7866,-10.2152,-12.1687,-13.3633,-15.524,-14.5194,-15.518,-20.9119,-17.5267,-20.1417,-18.1878,-22.4817,-21.4591,-23.5212,-23.3672,-25.2408,-26.1534,-24.5203,-26.6806,-24.4784,-27.7046,-27.7497,-24.6246,-26.4747,-25.5311,-24.7065,-26.7154,-24.2916,-22.7563,-23.5323,-24.7703,-21.107,-22.1077,-24.1997,-21.632,-22.6271,-23.0286,-21.5389,-20.688,-21.2724,-22.0376,-21.2496,-22.5649,-21.5939,-21.8622,-22.9086,-21.9505,-24.5896,-24.1906,-24.3376,-28.5871,-27.0568,-26.651,-29.5194,-29.8394,-31.6182,-33.7251,-34.5027,-35.5506,-34.6091,-34.6033
112.0390534434228,35.67586003834002,-0.228,-1.631,0.3028,1.3105,2.3996,1.702,5.5297,6.3611,4.9095,8.8804,7.645,8.9329,9.4024,10.4368,9.4488,11.4197,12.8723,12.0362,10.1321,11.1998,8.3535,11.4947,10.258,10.0056,8.9609,7.6458,10.651,6.6259,10.0148,6.6592,7.7529,5.3274,7.1952,6.2074,5.675,9.8429,8.9211,8.7495,9.9633,6.8431,9.1619,9.1731,11.1791,12.9524,13.1625,13.7676,15.1938,15.5062,18.6749,20.4902,16.5514,22.4254,23.3688,20.9697,26.0167,24.4268,26.3322,26.76,29.6034,29.8324,31.4393,29.5467,31.961,30.2237,29.7542,32.531,30.8218,31.7618,31.077,33.0154,31.6623,31.1275,30.0036,31.9946,31.9003,29.0042,27.7171,28.9149,27.882,29.8237,29.2941,28.3214,30.1617,28.1736
112.67463937369932,35.34879731975952,-8.6416,-5.1433,-3.5167,-4.3539,-2.2389,-1.2378,-2.3486,-1.9505,-0.0566,0.8919,0.8043,2.2569,-0.3046,0.3313,0.7946,-1.2067,-1.1806,-0.2996,-0.7135,-3.9267,-6.581,-4.3199,-9.4446,-3.5648,-5.255,-5.753,-5.8093,-7.1614,-8.7907,-7.6441,-6.7272,-8.5794,-5.5307,-7.588,-5.8023,-4.9992,-4.8778,-2.5047,0.4436,-0.2187,2.8968,1.2195,4.2498,4.1383,5.7382,5.6928,6.6311,5.5375,6.0902,7.1105,3.6466,7.1155,7.723,4.5598,5.5017,6.705,5.9022,2.4199,2.0584,1.7152,1.9835,0.9916,-2.0946,-1.3386,-2.0854,-3.0448,-2.4238,-2.1521,-3.0727,-1.7491,0.2752,0.704,1.6641,1.042,0.2821,1.5928,3.5566,3.9634,4.3163,7.1256,6.7129,9.3918,10.8601,12.1206
111.70096323494737,35.282466503307525,-2.4676,-2.9858,-1.413,-2.9055,0.2432,-1.9364,-1.7744,0.4076,-2.8209,-1.9003,-3.4515,-2.3937,-2.6784,-4.9957,-4.5945,-1.7192,-4.825,-6.2396,-5.6729,-6.7689,-7.1104,-7.3924,-11.2846,-11.8198,-9.8487,-12.0285,-14.6787,-15.2029,-16.3552,-18.8506,-17.5599,-19.2923,-23.8688,-24.289,-22.3376,-22.886,-23.4446,-28.2868,-27.0617,-26.5791,-27.0643,-29.4235,-29.6619,-29.639,-30.8392,-29.003,-31.5765,-31.5807,-30.129,-28.5797,-29.7803,-29.9436,-27.7708,-28.5717,-27.3302,-26.4704,-29.0359,-31.649,-26.2785,-26.9429,-28.9257,-26.2075,-26.6227,-28.0108,-26.528,-27.7882,-28.9838,-27.2063,-27.4984,-28.6474,-30.6427,-32.4376,-31.1475,-34.0877,-31.5835,-34.3708,-36.8658,-36.6335,-36.5654,-39.3059,-40.6809,-40.8971,-41.3536,-44.0646
112.3108286949244,35.521730145135685,-0.04,0.17,2.0276,1.6527,1.6634,2.8559,1.4309,2.7781,0.0011,0.1425,1.7757,2.8565,-2.0829,0.743,-2.5555,-5.7161,-5.6958,-7.0969,-6.4885,-9.8738,-12.823,-11.2696,-11.0442,-13.638,-13.7953,-13.2981,-15.9191,-15.5427,-14.6586,-17.9662,-12.6489,-13.5752,-13.1724,-14.7592,-10.7407,-12.5875,-12.4731,-10.1008,-9.4601,-11.4274,-8.8258,-8.1356,-8.9226,-6.3089,-10.3433,-8.0807,-12.8531,-8.7249,-11.6763,-11.5139,-13.0831,-15.2658,-16.7755,-16.9722,-20.7311,-20.5518,-22.8341,-25.5135,-24.5661,-24.8968,-27.5156,-26.339,-25.2568,-27.5394,-26.8175,-25.5909,-25.5328,-26.7333,-25.3972,-23.464,-23.6852,-21.8861,-21.4227,-20.1757,-21.7107,-19.5188,-20.2045,-18.7581,-19.5576,-21.3514,-20.5613,-20.255,-23.8944,-22.1197
111.28921247585825,35.67249671944819,-6.5414,-3.0906,-2.5493,-3.4312,-4.0959,-2.4697,-1.9661,0.0092,-5.8357,-2.8072,-2.2403,-1.9964,-2.6508,-2.5056,-2.4575,-2.2416,0.2968,-1.5692,-2.9991,-0.5446,-0.903,0.8366,0.1224,-1.3833,-2.1343,-2.5922,-4.1391,-3.7119,-2.2109,-5.3095,-5.7142,-5.3547,-4.1307,-4.5379,-7.0626,-7.7228,-9.1044,-9.1994,-6.4905,-8.6722,-9.7468,-9.9022,-13.1942,-12.5602,-13.2494,-12.1166,-12.3847,-15.3422,-15.2016,-15.0394,-14.7361,-16.3826,-16.3682,-14.0579,-15.0481,-18.864,-14.4189,-17.0938,-15.4854,-15.0528,-15.0558,-16.3468,-15.2342,-15.0556,-17.4031,-16.7481,-16.4491,-14.5588,-14.4123,-14.2472,-14.258,-13.3486,-13.5404,-10.8302,-12.6057,-12.6657,-10.051,-11.2537,-10.6897,-8.2797,-8.6498,-10.8602,-8.9555,-7.8604
112.21580235663934,35.54630008983008,-1.6232,-2.2039,-0.1251,0.7446,1.7783,-0.3309,0.0389,4.3221,1.873,5.5246,3.9946,4.8633,3.9978,4.9664,3.1069,6.2607,6.0498,4.1865,6.3797,4.3152,4.024,4.4041,3.5392,4.3908,3.7483,2.5022,1.5155,3.9272,0.6939,1.4016,-0.7216,0.2374,1.0399,0.0697,-2.1724,-2.2413,-4.5874,-1.4142,-3.5004,-3.7254,-3.8291,-4.624,-3.9148,-4.515,-5.9685,-5.225,-5.1814,-2.721,-5.6795,-4.4622,-4.4716,-2.2404,-3.8959,-0.1216,-2.5166,-0.7209,-1.5797,0.3068,1.912,1.5374,2.6203,5.8863,3.7445,3.5688,5.8194,6.337,6.636,6.4486,6.2359,9.2919,8.4748,8.7701,8.6817,9.8949,11.6405,8.9549,13.5145,8.2443,9.9084,9.6391,9.0349,9.8954,10.6082,7.3143
111.24434213920777,35.89440457461777,0.2923,0.7069,1.5708,2.2929,2.3077,2.8796,0.4852,3.1551,4.1384,0.6725,2.2821,2.7344,4.0715,5.2504,2.2481,2.3018,3.1778,0.9803,3.2191,1.5889,0.2727,3.3471,0.5676,-0.8187,1.5734,-3.0045,-2.6224,-2.6266,-7.237,-6.4632,-6.8449,-8.1767,-5.9316,-7.8901,-8.8186,-10.8981,-10.2203,-9.3402,-10.5032,-11.531,-11.4262,-12.9062,-13.9729,-15.0427,-13.7124,-15.7302,-12.8212,-14.4242,-15.8693,-14.1112,-14.3486,-12.2982,-11.8934,-11.6356,-12.2342,-10.4887,-12.3991,-12.2646,-8.48,-9.7375,-10.5279,-7.782,-8.3145,-7.8724,-8.2383,-9.0193,-8.2702,-6.2305,-6.6075,-5.8785,-6.4685,-7.2179,-9.2497,-6.6254,-6.8245,-7.3707,-7.1558,-8.5852,-10.9424,-8.789,-12.1513,-9.7538,-11.5523,-12.6617
111.39069779275104,35.36393055324438,-3.0706,-2.5132,0.7683,0.3706,-0.2865,0.9171,1.7335,3.6759,3.8183,5.6636,4.2223,2.9942,2.9644,1.622,0.3145,0.3827,-0.482,0.2901,-0.6296,-4.6597,-1.1361,-4.6879,-6.4693,-6.1771,-6.1432,-7.5036,-10.8082,-7.715,-7.9055,-11.3921,-10.4004,-8.4313,-7.7897,-8.3496,-8.1911,-5.9335,-4.6799,-4.3054,-3.2568,-3.7148,-1.1523,-1.6432,-1.5462,-0.484,3.0407,0.5119,2.8483,0.666,-1.0756,-0.7068,-0.261,-0.3901,-0.2063,-2.7032,-1.3928,-3.3213,-5.4077,-5.2749,-5.9467,-7.3445,-8.8548,-9.3722,-7.5941,-11.3034,-12.4707,-10.1677,-11.8523,-10.5484,-11.6047,-11.5805,-10.5244,-10.2521,-8.9546,-9.196,-6.5224,-7.8634,-5.9537,-4.1619,-3.1606,-2.1721,-4.3667,-1.8602,-0.0172,-2.4487
111.2329342025199,35.50164188586957,0.4222,0.0165,1.6275,2.2472,0.826,6.2257,4.4551,4.7273,2.3915,5.2898,5.4299,3.3038,2.9761,0.1214,0.9561,-1.5869,-1.2131,-1.8288,-4.265,-6.1952,-5.7471,-7.6647,-9.7893,-11.7193,-12.3498,-12.5143,-12.5008,-14.082,-11.7136,-15.7042,-12.6025,-14.5967,-13.1601,-12.8856,-12.4315,-11.7875,-11.9765,-7.6726,-9.3978,-7.4707,-7.5474,-6.1783,-7.1738,-7.9864,-8.098,-5.9906,-7.011,-8.9116,-6.7448,-8.931,-8.7166,-8.9644,-9.9044,-15.151,-13.0512,-16.1308,-15.1269,-17.2164,-19.9185,-20.3127,-20.1674,-22.0711,-21.726,-24.6581,-23.8159,-25.3765,-25.0855,-24.0328,-25.5427,-25.239,-24.2334,-23.8925,-22.7355,-20.0958,-18.3828,-19.7794,-18.622,-17.9412,-17.1499,-15.6815,-17.7916,-17.3742,-17.1154,-17.0774
112.53336729642217,35.90538286656726,-1.8426,-2.7073,-0.9274,-3.3514,-2.9237,-2.9235,-0.9019,-4.2643,-4.274,-1.627,-4.5564,-1.923,-3.648,-1.9756,-2.798,-3.7863,-3.0449,-3.6898,-5.8097,-3.2254,-6.3524,-7.3545,-7.3708,-6.4712,-8.8509,-8.0095,-9.5085,-11.1284,-9.8603,-11.2782,-14.3417,-16.3737,-15.6538,-14.6888,-16.1862,-17.5822,-18.0144,-20.6952,-18.7587,-21.0204,-19.9025,-23.2784,-24.8899,-24.3752,-24.1762,-25.9881,-25.7519,-29.0947,-29.2231,-28.0917,-30.5232,-30.4479,-32.3177,-30.0002,-33.3249,-32.3133,-33.4641,-32.76,-31.6935,-35.1914,-31.9624,-35.4881,-31.0962,-35.8428,-32.2505,-32.7034,-34.4881,-35.1384,-32.7002,-34.355,-33.9666,-35.2109,-32.9494,-32.2256,-33.8063,-33.168,-35.2223,-33.0325,-34.5445,-32.4256,-32.8473,-32.4947,-32.2658,-33.7422
111.66139280817313,35.636320354354254,-1.1983,-1.3398,-1.4225,-1.3141,-1.4356,-1.723,-2.0509,-0.6611,1.9789,-1.9956,-2.5175,-1.6948,-0.1475,-0.8553,1.0305,-2.1988,-0.766,-5.3169,-4.8593,-4.4465,-4.3598,-5.7576,-8.2278,-9.0564,-9.5659,-8.8922,-10.7073,-13.5479,-12.8831,-15.3948,-15.5773,-17.3255,-19.4273,-17.6399,-18.8363,-19.2802,-24.3172,-19.8394,-22.9288,-22.3034,-21.9417,-22.5095,-22.6992,-21.0414,-22.992,-23.8229,-24.5017,-21.254,-21.9602,-21.2527,-20.2889,-21.1303,-21.3311,-21.3173,-23.0783,-19.8487,-18.8636,-17.3326,-18.9882,-18.0068,-17.2084,-17.9131,-17.6034,-17.1393,-18.7498,-21.2597,-19.0458,-19.4403,-23.0102,-21.4837,-20.5311,-23.8946,-24.8947,-23.2507,-29.3712,-26.5006,-28.2105,-27.7544,-29.1579,-33.5404,-31.3483,-33.6758,-34.0093,-31.3113
111.47011261468123,35.37597647172414,-0.0767,0.3316,0.8518,0.0972,-0.1097,0.9784,1.0425,2.6829,1.8187,2.9197,2.622,3.4461,1.6899,2.9574,3.424,1.2965,1.1727,0.6227,-0.6048,-0.3676,-2.3208,-3.4266,-3.4561,-4.8953,-6.2137,-5.1256,-7.1637,-8.7141,-9.7796,-10.2919,-12.1456,-12.6373,-12.0318,-12.9386,-10.8881,-10.9665,-13.8145,-12.0747,-12.3898,-11.4081,-10.9557,-10.176,-10.0975,-8.2932,-9.7703,-11.097,-6.9047,-5.6221,-6.7578,-4.935,-5.6901,-5.7417,-3.3312,-4.5243,-2.7704,-2.013,-4.2198,-2.5354,-3.5112,-3.5892,-3.9168,-8.0266,-4.6947,-5.5752,-7.7553,-8.6407,-10.8352,-8.3673,-10.209,-12.4937,-11.5118,-16.1285,-15.3652,-15.6238,-15.2023,-15.2151,-16.2848,-18.2058,-18.5521,-19.7796,-18.7125,-18.8586,-21.7708,-19.7365
112.69672977366328,35.728776784599674,6.9703,4.7235,2.4886,7.4556,6.1255,7.9412,9.3227,7.7596,8.113,9.1449,10.5046,9.808,12.0923,10.5346,8.9583,11.6499,11.0195,11.904,13.1627,11.2657,11.4063,12.0486,10.662,9.9551,12.3747,10.0759,8.6358,8.9698,6.9565,6.7349,9.0202,5.1037,4.7446,6.2366,6.9917,4.1321,5.2128,1.687,2.9191,4.6379,4.6931,5.0583,2.9355,4.9754,3.7282,3.415,2.7015,2.6585,5.3127,3.9316,5.5746,6.6968,7.6532,8.4966,7.0422,6.4986,9.6643,11.4519,9.8136,10.4425,12.4464,15.332,15.7082,14.3379,15.7626,16.3928,16.3525,18.5881,18.5858,17.1141,20.8242,17.0491,17.7167,17.9531,20.3901,19.4964,17.4461,19.3143,21.5195,17.4864,19.6048,16.3581,17.2641,17.0372
111.21190968588269,35.621298923675475,-5.2539,-3.4762,-4.7899,-3.2182,-0.8607,-4.0964,-3.0876,-1.4506,-1.8041,-2.6847,-5.1286,-5.3891,-2.4671,-5.8907,-7.8043,-8.465,-6.51,-9.8532,-11.5555,-13.1692,-13.4729,-13.7127,-15.0686,-17.6581,-18.1773,-17.5515,-17.8241,-20.1089,-21.8209,-20.0955,-20.9384,-21.8242,-21.8168,-18.0541,-21.145,-19.3973,-19.5228,-18.3852,-16.8275,-14.8133,-16.7476,-14.7374,-16.6356,-13.5926,-14.6827,-18.1338,-12.6839,-14.665,-15.8659,-15.4494,-19.3982,-16.0138,-16.9357,-18.034,-21.175,-21.6815,-21.5071,-23.5427,-25.1206,-27.621,-28.0919,-30.7816,-32.057,-32.5681,-32.1031,-33.4013,-33.4785,-32.022,-34.8952,-35.3998,-33.4701,-34.9311,-33.0717,-30.7242,-31.5223,-31.5087,-30.4242,-29.5687,-29.0814,-29.8922,-28.8508,-29.3714,-29.7927,-25.6781
112.56739431107691,35.473042297503625,-6.3305,-3.6188,-6.8698,-4.6485,-5.8543,-4.394,-1.5965,-1.5593,-3.0148,-4.1346,-3.914,-2.8982,-2.5088,-3.0209,-4.2642,-6.5903,-6.5434,-6.9965,-7.3914,-9.6462,-9.2548,-13.4123,-10.8725,-14.3539,-15.0374,-15.3886,-18.0094,-17.0562,-18.7701,-17.7042,-18.6044,-20.4407,-20.7526,-18.7927,-21.0479,-19.8702,-19.4896,-19.1338,-18.7038,-18.7833,-17.4383,-17.4272,-16.8969,-18.8656,-16.1519,-15.5674,-15.7204,-14.118,-13.7017,-13.3511,-12.1418,-12.9828,-13.4511,-13.2342,-13.9898,-12.363,-15.7078,-14.1315,-14.471,-16.4374,-19.0619,-17.3437,-18.1337,-20.7583,-21.4895,-23.2986,-25.0444,-26.0783,-26.558,-29.7989,-29.1725,-31.4304,-29.2852,-30.133,-31.4344,-30.0877,-30.3085,-30.9034,-31.4577,-29.1641,-30.8177,-29.8466,-29.3135,-28.4618
112.73322430796229,35.578769596798054,4.6015,7.5691,5.4501,9.9226,11.3413,12.6988,13.3644,12.119,14.3034,14.4683,15.2172,15.1185,14.0426,15.1914,15.3408,13.6649,12.2254,12.8438,12.8829,11.9873,12.2048,9.4306,7.5027,6.9663,7.3678,10.6152,8.4716,8.3079,8.0177,7.9807,9.0848,10.4316,11.0323,10.9671,10.642,16.1246,16.1505,15.4464,19.3338,17.8737,20.3754,22.0487,23.9736,21.8168,25.6724,24.3818,26.3611,26.8128,27.5164,25.2644,26.7727,24.8207,26.1958,26.1106,24.0359,24.7563,23.9596,24.0457,22.1299,22.8271,21.2901,20.3009,21.5593,19.3346,19.4502,18.0137,19.3927,20.2038,22.1618,22.2739,24.0489,22.7906,21.9835,26.7467,28.3916,25.6383,30.5558,31.1683,32.6686,32.7648,34.2318,35.1416,37.4748,39.6561
112.73333227210144,35.61208392520151,-3.6339,-1.4771,-2.1379,-2.0397,-2.1363,-1.5576,-1.5819,1.2134,0.4294,-0.3276,1.2609,2.8348,1.8313,1.836,3.4167,2.9889,3.5705,2.019,2.3416,1.7405,0.1441,3.1542,2.8869,1.1005,2.8082,2.48,1.5335,1.4501,0.2522,-0.1891,-0.9747,1.0397,-0.0327,-1.245,0.3303,-2.8035,-5.7197,-4.3304,-1.1136,-4.5728,-4.2896,-4.6744,-5.3937,-6.7915,-6.1086,-5.981,-7.7925,-8.4424,-9.0507,-7.4221,-8.3792,-10.4687,-8.6563,-8.4202,-9.0419,-9.6349,-8.7025,-6.7932,-8.992,-6.7779,-7.6032,-8.3787,-6.674,-9.4157,-8.1089,-6.2673,-4.8956,-3.8872,-3.7092,-5.1333,-4.9856,-2.5679,-2.715,-0.949,-2.1062,-2.7735,1.0806,0.9897,-0.4795,-0.1289,3.8181,2.1685,2.366,2.5517
112.76878376721655,35.35570524117741,4.1197,6.7304,4.6874,5.7372,5.8447,9.1179,7.1764,7.125,9.5369,9.9884,9.2502,8.7606,11.6965,11.6546,11.7901,14.142,13.6937,13.4897,13.3766,13.7426,12.9431,12.9126,13.6794,11.4669,13.6225,14.3641,10.9207,12.1504,12.0467,12.7905,11.7043,12.1643,8.5171,8.812,10.5405,9.5401,7.6217,10.0592,8.4515,8.5941,8.4202,8.8614,9.9023,4.822,5.3621,7.7529,4.867,7.7395,7.5505,8.434,7.6192,6.9915,7.0659,9.416,9.0849,8.6194,8.7631,9.5689,8.7624,10.2606,11.9267,13.2196,14.5554,14.0794,16.3084,17.2761,15.8855,17.8379,16.7499,17.019,21.0917,19.7198,20.637,20.516,20.2603,23.5022,23.3403,20.5332,21.918,24.8411,24.0989,24.2783,24.3775,25.0111
111.72570663445188,35.919307071041324,6.6014,8.3776,10.5937,9.1092,8.9999,10.9336,12.6922,11.5729,12.3376,13.403,12.6468,14.229,12.9303,13.6638,14.7018,12.2464,13.8565,13.3751,13.4132,12.3303,15.6329,13.4953,13.375,12.196,11.7711,13.7676,13.4296,10.0875,7.1425,10.4608,9.2619,10.2209,7.8569,6.7645,4.7275,6.3002,6.195,7.0091,4.6829,5.4639,1.8655,2.8494,2.5197,1.5713,1.6343,1.6867,2.1038,1.3586,-0.4049,3.6632,3.274,2.8826,3.2464,3.0382,3.7272,4.9353,2.8092,5.0797,4.0385,5.5347,6.8434,7.8026,6.5097,9.2013,8.8255,8.4098,13.4116,11.9966,12.0603,10.7003,13.7808,14.1568,14.6467,12.3023,13.6226,14.9726,15.5662,13.9018,14.064,14.3518,13.8137,13.046,12.5132,13.8021
112.76399337302276,35.707670721924345,9.8578,9.3135,9.5983,9.8609,12.3514,12.9919,14.8016,15.519,16.7913,16.456,20.4901,18.2863,19.469,18.7797,19.7541,19.3827,18.6414,18.2514,16.6239,18.943,16.4005,15.4751,14.8135,16.2505,15.001,16.0488,13.5705,16.1734,10.6475,15.3898,13.9939,14.1266,15.7918,12.8156,13.6311,13.7633,15.4993,16.9935,18.9131,18.9963,21.9043,19.8422,21.5827,23.0134,24.5149,24.8076,26.9964,28.759,30.6551,32.1793,31.0859,32.1344,34.5967,35.8986,35.8668,37.2219,37.0388,33.5304,34.3059,36.2427,36.9362,34.8266,37.1067,35.8271,36.9859,37.0282,36.9763,33.7546,35.2772,33.6002,33.8344,33.3246,33.7854,33.4462,32.9136,33.1909,32.3793,34.5645,33.2638,33.9676,33.6413,34.0405,35.8681,36.4548
111.48593707090131,35.409870873443325,-2.1026,0.0875,-2.6241,-1.9816,-2.9858,-2.568,-0.9844,0.6934,0.8006,-0.0061,-0.6014,1.8917,0.5783,-2.3454,-3.5833,-1.88,-2.6796,-4.612,-3.5166,-3.8994,-6.3958,-5.3136,-6.8615,-6.2905,-8.0805,-11.3663,-15.0256,-12.505,-14.16,-15.9757,-15.4868,-17.3206,-18.6959,-21.2115,-21.586,-22.2081,-23.2763,-23.6259,-24.4833,-25.4666,-23.943,-25.9483,-26.548,-25.9946,-24.9828,-26.8933,-27.0426,-27.7559,-24.6595,-25.9537,-26.4548,-24.5573,-25.3497,-24.4407,-25.2307,-23.348,-22.8211,-25.5666,-25.1135,-24.3413,-22.3564,-21.5436,-23.001,-22.4234,-23.2907,-23.9575,-21.3002,-24.3675,-23.0869,-24.9251,-27.3482,-27.8598,-28.9696,-30.588,-30.2868,-30.7421,-29.661,-33.8487,-31.1197,-37.0368,-34.9427,-36.7513,-37.0077,-38.8775
111.96887506522351,35.87861521576947,-8.0959,-6.2345,-6.2186,-4.1417,-4.0789,-2.4501,-2.9738,-1.5592,-3.4041,-2.254,-3.6036,-4.2661,-5.148,-5.9718,-5.6922,-8.8642,-10.0661,-8.9216,-10.4345,-13.0355,-14.0659,-14.0865,-14.5995,-15.4378,-16.36,-18.288,-15.409,-15.3181,-16.9781,-13.5797,-17.5051,-13.9658,-11.3314,-11.1289,-9.4579,-8.9857,-7.2924,-9.2483,-7.5626,-5.0508,-8.1452,-6.2708,-7.6498,-5.1828,-8.3334,-7.4951,-9.8869,-6.9453,-11.2239,-10.9608,-11.9122,-12.8039,-14.0354,-14.0911,-19.4836,-15.1384,-18.7353,-17.3919,-20.3999,-19.5796,-19.8955,-18.085,-17.2162,-18.1813,-17.1097,-16.2951,-15.1608,-11.3951,-13.8234,-9.9122,-11.8433,-10.7452,-9.4304,-8.6501,-8.4819,-6.9702,-9.6144,-8.711,-11.4575,-12.9068,-11.8561,-12.0354,-14.3398,-13.8148
111.81505062310907,35.314805323891484,4.3598,4.5549,6.3821,6.4541,8.2623,7.6658,5.9487,9.6964,8.2508,10.4738,8.4247,10.6191,11.3509,13.3203,9.208,11.0192,10.8219,11.876,12.1395,13.1266,13.5614,11.5507,14.468,12.0472,11.4434,12.4148,9.1221,12.6267,13.5481,12.1856,11.214,11.7139,11.4131,9.1854,10.2277,10.8515,9.9895,9.8343,9.8167,6.9963,7.4925,7.157,6.8811,7.5452,6.1746,6.2847,5.8165,3.9589,5.5723,5.6507,4.7381,4.2338,4.4897,4.2278,4.5593,2.5373,4.3958,5.466,3.715,5.0209,6.5666,5.5689,6.5827,7.319,8.6284,6.5133,5.9751,8.0064,7.657,9.4165,9.3898,10.0748,13.4847,10.4407,13.7341,13.305,13.7484,14.6402,16.3932,15.605,17.3736,17.7175,17.2714,16.5146
112.7778702408784,35.709624854996285,-3.0979,-2.4277,-2.4204,0.2331,-0.2681,2.1885,3.3064,2.5005,2.7159,4.4643,5.2364,3.3506,4.3019,8.1038,6.8846,6.833,5.7814,5.2393,8.129,8.7619,8.3153,7.9113,8.5236,7.7394,9.5371,9.7861,9.7006,8.1311,8.012,10.092,7.9713,9.6549,9.4137,8.8844,9.1861,5.418,9.0896,6.2674,7.0698,5.8918,4.9069,5.8219,6.0474,5.7522,3.2728,6.3654,4.6366,4.3246,5.318,4.4796,5.7331,2.5915,5.2538,5.2201,5.9997,5.1556,4.9378,6.0686,6.7926,7.1245,6.4247,7.6735,7.3655,8.9226,8.797,9.9425,11.1143,10.3435,12.8842,12.2502,15.0482,15.7227,14.4522,15.91,16.725,18.8065,17.2037,19.831,20.5951,20.4114,20.3755,22.9376,20.9003,22.9913
112.56089676412468,35.5126961655173,-5.4882,-5.3344,-4.9553,-3.7397,-5.0333,-2.7182,-2.1855,-0.5948,0.0207,0.1512,0.346,-2.7182,0.3759,-0.5481,1.8258,0.3375,1.6707,1.9282,0.3378,2.1854,0.4189,1.5498,-0.0372,0.2694,1.5047,0.7058,1.1875,-0.83,-0.0638,-1.5963,-2.171,-0.1006,-1.4143,0.4594,-3.7506,-1.0586,-5.6737,-4.1996,-3.9817,-5.1961,-6.037,-4.9547,-5.201,-6.8139,-7.8368,-7.6523,-6.4174,-7.1146,-5.8902,-9.6664,-6.8652,-9.1695,-4.6586,-5.4198,-7.685,-6.1229,-9.4273,-5.5376,-8.219,-5.5172,-5.8495,-5.4861,-7.2669,-4.0478,-4.7164,-5.0463,-1.4491,-3.6782,-1.1374,-1.7428,1.3609,-1.5041,2.5381,0.721,2.2518,2.7667,5.8475,3.006,3.9747,3.6559,2.5085,5.5121,5.693,6.2388
111.85593915303531,35.340103783815266,-1.9214,0.1851,-1.2355,0.0374,0.4685,-0.4603,1.0775,0.6416,0.6439,0.8791,2.6276,0.5053,0.4697,-0.4136,-2.4925,-1.4189,-1.7436,-1.3078,-4.3531,-5.6767,-6.8323,-5.3808,-8.8307,-6.7198,-9.0207,-9.2601,-12.5954,-12.8155,-14.3783,-14.4482,-15.6417,-17.4712,-20.0467,-19.7737,-19.3738,-19.974,-21.8549,-21.6141,-22.9185,-22.0379,-22.503,-23.0933,-23.6706,-24.0437,-24.8025,-26.1275,-24.5955,-25.0005,-22.4165,-25.0622,-24.7081,-26.1622,-23.4698,-23.2047,-23.2295,-24.2127,-22.1479,-23.3966,-22.6998,-20.0955,-22.9515,-21.8552,-23.7424,-22.1992,-21.4193,-24.1125,-21.9516,-23.8839,-24.1625,-23.9461,-24.3398,-25.7107,-24.1325,-27.912,-28.4531,-29.6923,-30.6616,-31.1502,-32.0193,-32.351,-33.3217,-34.2892,-38.822,-37.3714
111.41136169642452,35.44457859972459,-0.4657,1.0376,0.3604,1.9495,2.6109,4.6538,4.6444,8.5962,7.8985,9.3907,7.5954,8.8123,6.3089,9.4579,8.1154,9.12,7.4715,9.64,9.8952,8.1239,9.45,8.2326,10.9452,7.4061,11.3045,8.6726,9.3048,7.3418,6.6743,8.5935,5.2469,7.5537,6.3746,5.2077,3.5825,5.2868,4.9756,6.5114,2.2655,3.268,2.9401,2.8447,1.1049,3.7693,1.7852,3.4378,2.7716,2.6914,3.6412,4.9304,5.5718,5.287,4.3356,3.0566,6.3665,7.7258,7.0278,7.2279,6.349,9.9071,11.2774,9.8937,10.7916,13.3792,11.8133,14.7676,12.3297,15.2556,15.823,15.7593,16.5092,18.4524,17.6777,19.4372,19.0419,18.2732,21.7654,21.3385,21.5566,21.0255,17.6838,23.5314,22.9886,22.5094
112.50173859323769,35.48225179792197,-3.3587,-4.2209,-1.9328,-1.1057,-2.5805,-1.2275,-3.7821,-2.186,-1.8535,0.3462,-1.9885,-1.6993,-1.2589,-2.5926,-3.6591,-1.8854,-3.9618,-4.0854,-3.8149,-4.8443,-7.3658,-5.8979,-8.0117,-10.2886,-7.3509,-11.4893,-12.6264,-14.0224,-13.7105,-15.7649,-13.9858,-18.4875,-16.318,-19.562,-20.122,-20.4739,-21.5904,-20.3254,-24.2101,-22.8693,-22.5989,-23.265,-24.836,-24.5838,-24.4913,-24.4112,-26.4545,-26.7327,-27.8978,-26.1268,-26.2883,-22.8394,-24.8042,-24.9401,-22.6993,-24.4709,-22.8028,-24.3228,-25.1776,-24.2421,-23.3863,-22.742,-22.1772,-25.5008,-23.6891,-23.3876,-21.9978,-23.711,-22.789,-21.9827,-21.9714,-23.8331,-24.3388,-25.1138,-23.8971,-25.7702,-26.4514,-27.8709,-31.5089,-29.3427,-30.1118,-32.423,-33.907,-36.0945
111.32075050397088,35.928287622283165,2.5257,6.0495,5.4803,6.2558,6.6855,7.7553,9.1708,7.3774,8.9639,9.0175,6.5751,10.1331,10.2353,12.0435,13.5589,12.8112,14.1627,11.9588,9.7203,12.7117,13.3474,13.5838,12.0018,12.5281,13.468,11.1021,11.8727,11.066,12.0306,11.7425,10.6346,10.5867,8.4273,6.1229,8.5847,8.6617,7.9228,8.1902,8.6937,7.1597,5.8476,4.914,6.374,7.1714,7.2312,6.7382,5.6009,6.8026,5.2787,6.6102,7.6015,8.0359,5.6699,10.2141,7.8811,8.6885,11.5114,11.5756,12.4232,13.3532,13.5463,13.796,14.2181,14.2272,16.5875,15.1002,17.7374,16.4145,20.0587,18.962,20.9704,21.4289,21.236,21.8582,22.6398,22.7309,23.878,24.3604,22.8146,25.049,26.2979,24.7306,26.8792,24.2599
